Date,US dollar (USD),Euro (EUR),Japanese yen (JPY),Pound sterling (GBP),Canadian dollar (CAD),Swiss franc (CHF),Indian rupee (INR),Chinese renmimbi (CNY),Turkish lira (TRY),Saudi riyal (SAR),Indonesian rupiah (IDR),UAE dirham (AED),Thai baht THB),Vietnamese dong (VND),Egyptian pound (EGP),Korean won (KRW),Russian ruble (RUB),South African rand (ZAR),Australian dollar (AUD)
1979-01-31,233.7,144.84,45160.33,117.44,267.1,379.32,1840.82,0.0,0.0,745.2,139739.28,856.14,4511.27,0.0,0.0,108235.82,0.0,194.53,197.17
1979-02-28,251.3,154.64,50209.08,124.19,295.5,413.61,2011.68,0.0,0.0,827.84,154683.13,946.62,4985.7,0.0,0.0,119929.27,0.0,209.36,219.63
1979-03-30,240.1,148.04,50274.29,116.22,278.16,406.2,1940.16,0.0,0.0,796.73,148844.15,910.39,4812.88,0.0,0.0,116123.63,0.0,202.37,214.55
1979-04-30,245.3,152.76,54144.57,118.82,278.53,420.01,2013.1,0.0,0.0,819.39,152453.63,930.21,4890.99,0.0,0.0,117423.25,0.0,206.91,221.12
1979-05-31,274.6,172.0,61057.09,132.69,321.62,478.01,2253.41,0.0,0.0,933.26,171656.12,1048.41,5560.75,0.0,0.0,133889.58,0.0,233.65,250.72
1979-06-29,277.5,169.03,60161.4,127.29,322.55,457.71,2190.55,0.0,0.0,923.02,166854.38,1049.81,5477.29,0.0,0.0,133065.59,0.0,232.34,245.46
1979-07-31,296.45,179.68,63972.92,131.87,345.15,490.63,2354.14,0.0,0.0,1023.3,189816.97,1155.98,6147.7,0.0,0.0,145048.8,0.0,248.8,262.79
1979-08-31,315.1,190.38,69957.47,139.89,370.38,526.44,2527.65,0.0,0.0,1052.18,196887.96,1188.99,6424.52,0.0,0.0,153643.94,0.0,265.44,281.59
1979-09-28,397.25,233.23,89088.49,180.36,460.72,616.45,3190.26,0.0,0.0,1306.81,242994.79,1474.44,7894.94,0.0,0.0,191720.57,0.0,327.15,351.67
1979-10-31,382.0,231.45,90261.12,184.01,449.29,631.0,3142.6,0.0,0.0,1298.59,239598.91,1455.88,7808.0,0.0,0.0,183783.85,0.0,315.5,346.87
1979-11-30,415.65,244.87,104134.1,188.97,488.14,667.2,3310.29,0.0,0.0,1392.25,258912.66,1532.61,8260.54,0.0,0.0,201557.69,0.0,345.69,381.35
1979-12-31,512.0,299.12,125630.27,230.63,611.81,835.57,4189.64,0.0,0.0,1749.03,324101.29,2055.87,10645.23,0.0,0.0,253615.89,0.0,434.07,474.31
1980-01-31,653.0,385.01,159889.73,288.11,774.1,1094.91,5329.61,0.0,0.0,2266.46,421828.9,2490.45,13763.78,0.0,0.0,387525.23,0.0,546.13,603.75
1980-02-29,637.0,381.48,161055.96,280.25,732.64,1089.66,5138.08,0.0,0.0,2151.17,400528.15,2393.31,13036.52,0.0,0.0,371647.87,0.0,516.81,583.69
1980-03-31,494.5,321.56,125800.01,228.51,599.47,931.87,4155.35,0.0,0.0,1683.53,316964.84,1890.49,10312.81,0.0,0.0,294925.42,0.0,407.51,465.18
1980-04-30,518.0,317.27,124139.12,229.36,616.1,865.53,4155.21,0.0,0.0,1756.34,329451.39,1963.24,10712.74,0.0,0.0,306587.71,0.0,415.12,465.18
1980-05-30,535.5,323.09,118403.69,228.36,615.36,880.38,4152.26,0.0,0.0,1722.24,323825.58,1923.92,10526.03,0.0,0.0,316820.59,0.0,416.19,463.64
1980-06-30,653.5,392.72,145558.85,277.32,762.44,1078.86,5150.43,0.0,0.0,2204.12,414677.55,2451.52,13466.47,0.0,0.0,399487.41,0.0,509.77,573.38
1980-07-31,614.25,372.37,140586.52,262.16,718.1,1019.45,4813.23,0.0,0.0,2094.29,394486.26,2329.04,12792.58,0.0,0.0,378648.53,0.0,471.48,537.02
1980-08-29,631.25,386.52,138824.34,263.41,733.26,1045.02,4903.62,0.0,0.0,2078.4,391180.5,2308.45,12745.4,0.0,0.0,390549.07,0.0,479.8,543.79
1980-09-30,666.75,412.83,141296.4,279.27,783.94,1107.64,5211.3,0.0,0.0,2225.38,419188.68,2472.34,13638.53,0.0,0.0,418750.0,0.0,504.78,572.06
1980-10-31,629.0,404.91,134300.04,258.16,747.98,1088.5,4911.2,0.0,0.0,2111.73,398885.45,2357.1,12999.3,0.0,0.0,414417.51,0.0,477.16,542.16
1980-11-28,619.75,406.73,134552.92,262.83,738.66,1081.96,4871.92,0.0,0.0,2061.12,385638.38,2269.34,12677.75,0.0,0.0,409443.86,0.0,466.59,533.86
1980-12-31,589.75,392.41,119823.1,246.65,703.65,1047.84,4620.33,0.0,0.0,1960.07,367506.77,2149.91,12026.69,0.0,0.0,389010.82,0.0,439.1,499.39
1981-01-30,506.5,363.31,104952.0,213.98,605.7,979.84,4123.21,0.0,0.0,1700.24,322681.85,1897.5,10623.84,0.0,0.0,337842.73,0.0,385.61,435.67
1981-02-27,489.0,357.95,102819.77,221.77,588.57,962.62,4082.88,0.0,0.0,1645.12,315684.47,1849.64,10333.11,0.0,0.0,328679.09,0.0,383.82,424.17
1981-03-31,513.75,375.1,108590.32,228.89,609.5,988.54,4240.49,0.0,0.0,1722.78,319803.05,1880.86,10481.03,0.0,0.0,345953.61,0.0,410.76,440.09
1981-04-30,482.75,369.74,103761.71,225.53,575.6,971.33,3998.47,0.0,0.0,1611.2,306365.45,1788.72,9999.78,0.0,0.0,326551.04,0.0,394.15,418.87
1981-05-29,479.25,386.14,107187.18,231.52,576.06,993.24,4046.47,0.0,0.0,1628.04,300077.82,1762.17,9967.13,0.0,0.0,327334.81,0.0,405.39,420.19
1981-06-30,426.0,353.4,95631.79,220.67,505.78,862.43,3703.76,0.0,0.0,1447.58,267801.73,1565.48,8820.83,0.0,0.0,288769.59,0.0,373.58,366.7
1981-07-31,406.0,346.87,97366.89,220.47,500.26,870.25,3655.12,0.0,0.0,1395.04,259920.1,1516.06,9395.63,0.0,0.0,278331.75,0.0,386.28,357.01
1981-08-31,425.0,362.53,97572.74,229.85,511.22,906.69,3820.06,0.0,0.0,1445.18,266472.53,1551.04,9711.25,0.0,0.0,291090.05,0.0,401.91,370.61
1981-09-30,428.75,349.87,99122.94,237.53,514.4,842.37,3870.4,0.0,0.0,1450.81,263485.05,1533.51,9593.3,0.0,0.0,292365.87,0.0,407.23,372.63
1981-10-30,427.0,347.03,99984.75,229.57,515.84,785.35,3876.38,0.0,0.0,1455.37,262289.85,1536.1,9516.42,0.0,0.0,290947.76,0.0,413.32,374.57
1981-11-30,414.5,332.94,88997.77,212.02,488.93,735.36,3814.95,0.0,0.0,1426.09,263773.41,1532.36,9542.68,0.0,0.0,286653.34,0.0,399.13,360.99
1981-12-31,397.5,327.48,87899.49,208.22,475.33,719.75,3625.14,0.0,0.0,1372.45,249492.07,1456.26,9089.58,0.0,0.0,280200.1,0.0,383.13,354.95
1982-01-29,387.0,327.92,88640.04,205.74,464.46,717.17,3546.03,0.0,0.0,1331.15,241185.51,1405.44,8746.37,0.0,0.0,274961.78,0.0,377.37,356.52
1982-02-26,362.6,308.91,85939.72,199.07,446.15,687.92,3373.88,0.0,0.0,1238.25,239036.0,1357.89,8442.43,0.0,0.0,258598.19,0.0,355.92,338.28
1982-03-31,320.0,285.71,79495.53,179.57,394.06,619.6,2987.61,0.0,0.0,1091.71,207452.75,1178.04,7365.03,0.0,0.0,230215.05,0.0,338.04,305.66
1982-04-30,361.25,318.81,84104.9,201.37,434.24,698.89,3322.12,0.0,0.0,1220.81,228982.03,1306.31,8080.43,0.0,0.0,257287.37,0.0,372.51,335.82
1982-05-31,325.25,284.76,79261.67,181.65,404.76,651.73,3072.29,0.0,0.0,1118.39,212397.62,1197.29,7471.68,0.0,0.0,238623.99,0.0,351.63,310.05
1982-06-30,317.5,301.04,79918.28,182.1,404.05,656.91,2971.91,0.0,0.0,1080.49,202249.53,1131.01,7086.83,0.0,0.0,232610.87,0.0,354.93,306.44
1982-07-30,342.9,315.16,88186.86,197.3,429.7,716.33,3265.37,0.0,0.0,1180.37,229039.5,1275.01,7981.16,0.0,0.0,253894.97,0.0,393.1,344.77
1982-08-31,411.5,388.34,107111.55,239.66,507.41,873.71,3933.3,0.0,0.0,1423.7,273420.71,1519.84,9487.36,0.0,0.0,307333.31,0.0,469.31,422.72
1982-09-30,397.0,383.37,105866.82,234.29,487.52,857.18,3824.8,0.0,0.0,1356.54,265365.85,1455.81,9060.98,0.0,0.0,293222.63,0.0,456.19,415.73
1982-10-29,423.25,416.77,116886.83,252.39,517.12,931.07,4108.4,0.0,0.0,1450.7,287624.65,1552.62,9688.14,0.0,0.0,314300.96,0.0,493.84,450.56
1982-11-30,436.0,423.24,107082.97,268.56,530.27,908.62,4127.57,0.0,0.0,1468.04,289730.63,1557.45,9706.04,0.0,0.0,318880.09,0.0,473.37,448.77
1982-12-31,456.9,429.9,105366.41,282.47,551.23,899.77,4320.02,0.0,0.08,1543.06,310012.88,1642.33,10239.95,0.0,0.0,335836.82,0.0,482.61,456.82
1983-01-31,499.5,486.07,120786.22,328.62,622.13,1013.45,5003.53,0.0,0.1,1735.02,352513.77,1852.17,11532.59,0.0,0.0,400806.04,0.0,540.39,519.88
1983-02-28,408.5,394.41,99730.78,269.64,515.83,864.33,4197.0,0.0,0.08,1441.94,293998.04,1539.45,9612.94,0.0,0.0,316076.17,0.0,456.75,440.2
1983-03-31,414.75,410.93,98978.04,279.58,510.67,863.44,4104.31,0.0,0.08,1427.36,285570.45,1489.56,9437.11,0.0,0.0,316200.07,0.0,453.93,477.02
1983-04-29,429.25,430.88,101942.2,275.07,525.29,886.24,4286.38,0.0,0.09,1479.02,415182.78,1577.8,9808.41,0.0,0.0,329045.23,0.0,467.49,493.99
1983-05-31,437.5,447.29,104996.12,272.67,540.23,921.23,4391.75,0.0,0.09,1521.38,425128.2,1606.06,9997.54,0.0,0.0,338512.61,0.0,471.15,497.69
1983-06-30,416.0,431.65,99204.56,271.9,513.25,872.89,4183.61,0.0,0.09,1433.26,410375.4,1545.33,9614.06,0.0,0.0,323650.86,0.0,456.87,476.07
1983-07-29,422.0,456.53,102097.14,277.5,520.97,899.51,4290.99,0.0,0.09,1456.01,414510.16,1549.43,9741.91,0.0,0.0,330624.8,0.0,464.61,479.88
1983-08-31,414.25,452.93,102099.16,277.28,511.19,906.55,4219.66,0.0,0.1,1441.25,410061.31,1525.66,9530.17,0.0,0.0,327496.64,0.0,466.52,471.93
1983-09-30,405.0,440.9,95265.27,270.54,497.78,857.52,4123.34,0.0,0.1,1404.22,399655.34,1489.97,9310.63,0.0,0.0,318877.11,0.0,445.63,450.15
1983-10-31,382.0,416.46,89752.61,255.43,472.61,821.24,3923.47,0.0,0.1,1333.34,377345.63,1407.06,8782.93,0.0,0.0,304076.92,0.0,448.31,419.02
1983-11-30,405.0,451.49,94229.79,276.26,501.04,876.57,4218.59,0.0,0.11,1411.86,400414.31,1485.54,9262.47,0.0,0.0,323302.24,0.0,482.22,442.51
1983-12-30,382.4,432.0,88442.82,263.45,474.54,831.86,3995.04,0.0,0.11,1334.4,380175.33,1368.83,8699.72,0.0,0.0,303482.93,0.0,466.42,424.34
1984-01-31,373.75,436.19,87369.29,266.68,464.51,838.53,4002.4,0.0,0.12,1307.62,371236.57,1371.11,8557.81,0.0,0.0,297259.07,0.0,471.67,405.33
1984-02-29,394.25,428.55,92597.71,264.51,496.38,860.12,4220.11,0.0,0.12,1393.99,387872.63,1432.07,8940.46,0.0,0.0,314622.76,0.0,475.23,420.02
1984-03-30,388.5,421.4,87261.11,269.32,495.96,836.25,4169.12,0.0,0.12,1366.75,388109.91,1426.34,8914.63,0.0,0.0,307614.26,0.0,480.14,415.16
1984-04-30,375.8,425.18,85408.37,268.72,482.73,845.34,4094.22,0.0,0.13,1324.17,377814.36,1381.06,8608.09,0.0,0.0,300057.2,0.0,472.1,409.15
1984-05-31,384.25,437.24,88828.13,277.34,496.16,866.84,4218.34,0.0,0.14,1350.82,386028.78,1416.27,8805.32,0.0,0.0,306067.69,0.0,490.7,426.43
1984-06-29,373.05,431.92,89063.33,275.01,494.69,874.73,4178.15,0.0,0.14,1317.69,378159.59,1373.84,8527.4,0.0,0.0,301435.35,0.0,508.38,435.08
1984-07-31,342.35,412.65,83799.74,261.84,448.72,839.96,3919.92,0.0,0.13,1201.28,349071.93,1251.18,7811.72,0.0,0.0,277173.7,0.0,569.81,406.65
1984-08-31,348.25,419.37,84035.34,266.14,450.8,837.7,4007.92,0.0,0.13,1228.44,362634.08,1277.87,7963.76,0.0,0.0,281185.01,0.0,546.33,409.75
1984-09-28,343.75,436.4,84562.21,278.34,453.18,866.52,4140.01,0.0,0.14,1226.78,369385.03,1285.29,8029.92,0.0,0.0,280510.0,0.0,574.93,414.59
1984-10-31,333.5,421.37,82186.75,273.14,438.74,834.88,4016.96,0.0,0.14,1186.23,351055.21,1203.76,7588.58,0.0,0.0,273420.17,0.0,635.1,392.03
1984-11-30,329.0,423.66,81327.1,274.62,435.16,839.33,4015.97,0.0,0.14,1174.51,350872.23,1209.35,8777.29,0.0,0.0,269813.06,0.0,610.19,384.83
1984-12-31,308.3,402.45,77716.67,266.01,408.23,803.83,3825.85,0.0,0.14,1106.43,331867.44,1134.42,8219.4,0.0,0.0,255666.66,0.0,612.8,374.12
1985-01-31,306.65,402.82,77640.32,271.13,404.78,815.49,3834.78,842.64,0.14,1089.32,325091.87,1101.79,8114.49,0.0,0.0,253249.78,0.0,602.12,373.91
1985-02-28,287.75,400.46,75449.31,266.44,402.45,829.81,3783.14,821.07,0.14,1047.68,311937.83,1043.65,8002.2,0.0,0.0,244833.25,0.0,587.72,410.6
1985-03-29,329.25,425.73,82616.63,266.06,449.73,856.81,4001.58,892.23,0.15,1183.82,344772.51,1144.11,8514.84,0.0,0.0,280428.8,0.0,618.03,471.98
1985-04-30,321.35,417.93,81705.22,258.63,443.08,843.83,3994.61,900.52,0.16,1168.87,356360.11,1178.75,8751.8,0.0,0.0,281071.15,0.0,629.93,503.42
1985-05-31,314.0,403.43,78609.6,244.07,430.04,806.78,3856.98,875.85,0.16,1132.42,342594.27,1128.77,8372.04,0.0,0.0,272709.8,0.0,622.85,468.86
1985-06-28,317.75,404.96,78952.48,242.56,431.87,807.11,3874.71,898.55,0.17,1156.03,348424.18,1146.08,8513.76,0.0,0.0,277649.96,0.0,622.77,473.71
1985-07-31,327.5,393.64,77544.39,232.52,443.53,754.52,3901.28,948.99,0.17,1205.6,369511.2,1219.78,8775.18,0.0,0.0,286988.14,0.0,714.52,457.01
1985-08-30,333.25,399.98,79544.62,239.23,454.78,769.13,3973.95,972.21,0.18,1220.86,375115.67,1233.96,8839.62,0.0,0.0,295526.02,0.0,753.89,475.47
1985-09-30,325.75,375.93,70455.94,231.19,445.23,714.96,3826.23,963.1,0.18,1184.63,364130.58,1191.57,8369.17,0.0,0.0,290471.24,0.0,830.44,459.26
1985-10-31,325.1,366.57,68753.77,225.61,443.99,698.82,3899.86,1001.2,0.18,1190.92,360653.25,1181.12,8482.82,0.0,0.0,290054.03,0.0,841.86,465.77
1985-11-29,325.3,353.9,65726.53,218.54,449.82,676.93,3861.15,1022.6,0.18,1182.97,358365.26,1172.33,8228.1,0.0,0.0,289224.01,0.0,879.25,473.03
1985-12-31,326.8,347.51,65490.56,226.08,457.19,673.57,3920.61,1047.35,0.18,1193.58,366475.66,1196.7,8614.44,0.0,0.0,291095.45,0.0,843.91,479.59
1986-01-31,350.5,364.1,67594.74,248.05,497.62,710.67,4329.04,1105.13,0.2,1268.36,387882.19,1275.99,8994.44,0.0,0.0,307966.56,0.0,799.6,490.53
1986-02-28,338.15,328.64,60984.17,233.69,480.4,638.35,4172.41,1084.47,0.2,1246.32,384803.05,1252.51,8862.56,0.0,0.0,300221.99,0.0,676.67,487.17
1986-03-31,344.0,348.01,61718.4,231.81,480.07,669.92,4172.51,1099.04,0.22,1251.75,387262.36,1259.69,8947.71,0.0,0.0,303244.21,0.0,720.98,481.92
1986-04-30,345.75,329.63,57680.74,222.92,475.04,626.41,4206.07,1086.76,0.22,1262.96,389404.61,1270.76,8916.83,0.0,0.0,306433.52,0.0,712.01,466.8
1986-05-30,343.2,350.96,59899.76,233.07,473.49,663.09,4364.66,1126.33,0.24,1253.12,391991.45,1259.76,9089.85,0.0,0.0,308695.85,0.0,805.44,481.88
1986-06-30,346.75,336.16,56735.83,226.26,480.81,622.68,4276.39,1101.73,0.23,1292.35,393070.3,1274.38,9050.58,0.0,0.0,307330.52,0.0,864.1,515.83
1986-07-31,357.5,332.15,54972.42,239.53,492.48,599.31,4468.86,1311.94,0.24,1341.14,399185.95,1312.69,9118.95,0.0,0.0,313632.6,0.0,911.66,600.31
1986-08-29,384.7,349.46,59682.58,258.45,535.33,634.45,4778.81,1438.69,0.26,1442.83,439981.27,1412.98,10042.24,0.0,0.0,342266.63,0.0,986.32,634.97
1986-09-30,423.2,383.64,65330.28,292.47,587.93,696.89,5376.88,1572.9,0.29,1586.6,691787.22,1554.06,10851.81,0.0,0.0,369087.52,0.0,941.49,673.63
1986-10-31,401.0,369.82,65478.19,285.31,557.78,687.24,5187.41,1500.55,0.29,1506.36,660302.58,1475.47,10485.07,0.0,0.0,352586.46,0.0,917.48,625.39
1986-11-28,389.5,345.5,63105.32,271.71,539.96,639.88,5069.26,1444.37,0.29,1463.31,638939.65,1432.74,9971.86,0.0,0.0,335152.42,0.0,868.46,599.81
1986-12-31,388.75,337.8,61832.14,262.23,540.01,630.19,5060.97,1430.87,0.28,1465.78,632246.06,1434.4,9953.79,0.0,0.0,333768.27,0.0,851.15,587.39
1987-01-30,400.5,334.76,61447.05,264.62,536.37,617.64,5264.7,1494.76,0.3,1496.4,657713.29,1465.74,10405.03,0.0,0.0,347664.7,0.0,833.57,602.05
1987-02-27,405.85,338.02,61216.59,262.52,532.78,614.11,5202.44,1473.85,0.3,1499.26,651217.72,1468.29,10285.94,0.0,0.0,341629.88,0.0,829.69,590.32
1987-03-31,421.0,346.74,61445.03,262.31,549.92,635.43,5419.54,1566.12,0.33,1576.0,697006.98,1543.47,10820.1,0.0,0.0,356768.09,0.0,848.16,595.83
1987-04-30,453.25,371.84,63736.17,272.96,605.7,669.43,5734.45,1687.11,0.35,1703.27,746884.13,1668.26,11532.56,0.0,0.0,378459.07,0.0,908.48,645.69
1987-05-29,451.0,375.9,64952.37,276.69,603.9,682.03,5758.33,1723.98,0.38,1687.1,766388.15,1652.46,11759.22,0.0,0.0,370657.39,0.0,909.14,631.54
1987-06-30,447.3,373.31,65632.63,277.22,594.78,677.81,5727.76,1678.25,0.38,1678.03,737569.35,1643.46,11504.77,0.0,0.0,358907.21,0.0,915.47,620.29
1987-07-31,462.5,391.91,67909.63,290.52,601.22,697.6,5938.18,1697.28,0.4,1702.95,753019.54,1667.56,11995.94,0.0,0.0,366498.43,0.0,942.34,649.77
1987-08-31,453.4,374.28,64394.79,277.56,598.29,676.56,5870.47,1686.31,0.4,1692.58,743654.37,1657.69,11560.52,0.0,0.0,365336.32,0.0,920.07,634.79
1987-09-30,459.5,384.69,66604.86,282.68,595.11,698.23,5954.31,1721.76,0.42,1709.28,756913.81,1673.94,11669.84,0.0,0.0,366900.36,0.0,945.34,639.04
1987-10-30,468.8,372.16,64960.22,272.24,618.73,672.83,6078.5,1711.56,0.43,1761.04,758869.17,1724.62,11721.52,0.0,0.0,374979.57,0.0,947.83,696.05
1987-11-30,492.5,371.97,65203.72,269.72,644.21,662.15,6230.42,1817.59,0.47,1849.44,796704.42,1811.41,12272.05,0.0,0.0,389806.29,0.0,958.97,698.97
1987-12-31,484.1,351.76,58714.4,257.71,629.51,616.76,6116.85,1758.86,0.47,1820.34,776608.67,1781.52,11789.23,0.0,0.0,379396.72,0.0,934.28,669.55
1988-01-29,458.0,352.89,59470.53,258.76,593.52,636.1,6056.53,1760.56,0.52,1746.0,780269.14,1710.25,11828.39,0.0,0.0,365858.77,0.0,924.98,654.77
1988-02-29,426.15,330.48,54719.1,240.29,537.58,592.84,5501.94,1580.14,0.5,1595.4,708952.85,1562.41,10643.49,0.0,0.0,323719.63,0.0,887.64,591.88
1988-03-31,456.95,347.7,56689.0,242.03,563.02,623.16,6171.05,1684.92,0.54,1709.38,755387.84,1673.69,11616.1,0.0,0.0,338778.75,0.0,965.9,614.69
1988-04-29,449.0,345.58,56080.25,238.89,551.84,625.9,5900.67,1664.11,0.57,1686.71,748498.76,1651.83,11228.0,0.0,0.0,330980.96,0.0,965.97,592.93
1988-05-31,455.5,360.76,57140.39,247.76,563.58,659.6,6119.11,1730.58,0.61,1714.96,775606.26,1679.43,11502.61,0.0,0.0,337941.91,0.0,1025.74,567.8
1988-06-30,436.55,364.4,58268.21,255.59,529.27,658.07,6143.33,1641.35,0.61,1634.58,741140.89,1600.59,11116.96,0.0,0.0,319114.23,0.0,1012.54,552.27
1988-07-29,436.8,374.62,58820.16,255.36,535.46,690.33,6290.75,1662.94,0.64,1662.48,765104.23,1627.91,11143.51,0.0,0.0,322211.64,0.0,1085.47,551.49
1988-08-31,427.75,369.07,58358.48,254.01,530.24,678.2,6120.69,1598.73,0.66,1601.65,733381.24,1568.32,10922.37,0.0,0.0,309388.8,0.0,1042.83,531.26
1988-09-30,396.7,341.8,53617.92,234.59,487.18,633.83,5773.74,1479.38,0.64,1496.87,673950.06,1465.91,10202.79,0.0,0.0,286281.79,0.0,996.84,508.13
1988-10-31,412.4,337.87,51768.65,233.19,502.76,619.13,6296.19,1526.76,0.7,1554.81,709698.02,1522.46,10377.05,0.0,0.0,289747.02,0.0,1024.02,504.51
1988-11-30,422.6,336.58,51497.63,228.37,501.5,614.32,6256.74,1557.63,0.74,1582.61,726966.04,1549.27,10573.57,0.0,0.0,289517.15,0.0,970.92,481.63
1988-12-30,410.25,332.66,51252.96,226.78,488.49,616.17,6123.14,1516.86,0.75,1537.14,704545.54,1505.61,10261.93,0.0,966.34,277911.2,0.0,976.07,479.76
1989-01-31,394.0,335.74,51430.46,225.08,466.25,630.22,5970.25,1487.86,0.75,1481.24,689890.59,1450.63,10002.49,0.0,932.95,269841.09,0.0,949.67,443.69
1989-02-28,387.0,321.64,49082.16,221.84,464.2,601.74,5884.35,1444.14,0.75,1450.17,681096.27,1419.78,9794.24,0.0,929.51,259669.58,0.0,961.19,484.28
1989-03-31,383.2,329.38,50605.27,227.01,456.47,635.11,5942.82,1452.5,0.78,1433.2,687149.39,1403.36,9713.49,0.0,946.22,257101.96,0.0,978.59,466.54
1989-04-28,377.55,321.84,50121.06,223.53,448.13,631.4,5922.89,1410.47,0.78,1413.83,665755.13,1384.7,9599.55,0.0,944.98,250784.04,0.0,965.54,474.78
1989-05-31,361.8,324.56,51480.31,230.08,436.46,617.19,5869.37,1348.77,0.78,1356.84,649178.78,1328.13,9318.22,0.0,934.12,238954.92,0.0,996.53,480.68
1989-06-30,373.0,330.9,53698.52,240.8,446.68,626.08,6142.86,1403.12,0.8,1397.8,664356.66,1369.02,9644.06,0.0,968.74,247982.41,0.0,1036.77,495.04
1989-07-31,368.3,310.91,50443.76,221.0,433.61,591.73,6011.26,1364.67,0.79,1374.37,649527.69,1345.86,9337.34,0.0,930.42,243816.28,0.0,973.07,486.16
1989-08-31,359.8,318.07,52020.64,228.66,423.02,607.67,5962.5,1352.83,0.79,1352.65,642839.0,1324.53,9317.98,0.0,919.91,241158.5,0.0,996.74,470.3
1989-09-29,366.5,312.36,51173.85,226.94,432.31,594.57,6115.9,1326.57,0.79,1382.66,647270.86,1353.89,9463.19,0.0,943.14,244908.26,0.0,988.64,473.1
1989-10-31,375.3,315.19,53571.85,237.83,440.11,605.88,6309.71,1394.27,0.88,1409.22,672384.37,1380.03,9691.69,0.0,975.11,252768.71,0.0,990.16,480.6
1989-11-30,408.15,332.89,58335.06,260.13,475.13,649.03,6881.84,1526.47,0.94,1531.08,731002.67,1498.89,10483.4,0.0,1040.54,274233.31,0.0,1063.36,521.05
1989-12-29,398.6,310.67,57287.2,247.19,461.63,614.89,6624.8,1873.48,0.92,1490.32,715762.45,1459.37,10036.07,1800931.67,1018.44,269064.42,0.0,1015.66,504.58
1990-01-31,415.05,321.26,59972.28,247.05,492.01,623.81,7041.03,1930.16,0.96,1557.43,745400.49,1524.94,10623.31,1867170.03,1059.86,283240.84,0.0,1063.2,540.0
1990-02-28,407.7,316.15,60672.52,241.24,485.74,607.93,6957.44,1936.77,0.99,1527.73,747408.26,1495.95,10494.05,1853648.09,1085.59,282356.36,0.0,1040.42,534.11
1990-03-30,368.5,283.87,57987.09,223.67,431.02,550.79,6334.4,1717.13,0.88,1376.82,652783.67,1348.13,9506.08,1622520.2,947.25,257424.64,0.0,976.89,488.39
1990-04-30,367.75,280.65,58375.7,224.31,428.31,533.85,6379.27,1739.56,0.92,1369.99,669724.54,1341.49,9510.58,1651644.8,982.46,258294.22,0.0,975.81,488.88
1990-05-31,363.05,280.21,55420.9,216.49,426.16,520.11,6295.47,1717.44,0.94,1371.67,671905.87,1343.2,9352.28,1646877.57,988.27,261068.13,0.0,967.27,472.16
1990-06-29,352.2,265.93,53602.28,201.89,410.65,498.67,6140.54,1652.16,0.92,1317.04,643678.58,1289.74,9085.13,1571727.93,946.87,251163.5,0.0,935.97,444.46
1990-07-31,372.3,267.8,54393.81,200.16,429.75,501.9,6457.2,1736.9,0.99,1385.82,683200.29,1356.99,9487.64,1660937.82,996.3,264292.86,0.0,963.08,469.68
1990-08-31,387.75,278.03,55780.68,204.89,447.68,507.1,6783.83,1846.96,1.07,1471.91,732412.13,1441.03,9844.85,1767463.94,1073.61,280291.51,0.0,995.96,476.31
1990-09-28,408.4,291.86,56458.81,217.99,471.4,530.26,7333.11,1937.87,1.12,1531.69,750542.46,1499.54,10321.71,1841723.47,1111.74,291580.3,0.0,1045.63,493.74
1990-10-31,379.5,262.61,49292.09,195.22,443.14,488.04,6895.03,1790.66,1.05,1427.52,728429.77,1397.36,9507.03,2408684.44,1071.25,272351.02,0.0,965.2,484.04
1990-11-30,384.85,264.8,51237.2,198.43,448.98,491.54,6999.61,2037.13,1.09,1443.37,733905.21,1413.71,9642.31,2478753.19,1107.08,274260.37,0.0,967.21,496.4
1990-12-31,386.2,265.67,53028.15,200.1,453.8,498.37,6948.86,2039.2,1.12,1454.87,743695.75,1424.98,9633.19,2543477.37,1116.78,279605.73,0.0,1000.25,506.48
1991-01-31,366.0,251.05,48101.57,186.26,425.98,460.06,6810.58,1903.03,1.11,1369.47,697763.29,1341.72,9167.7,2486522.0,1069.76,262751.88,0.0,930.03,467.79
1991-02-28,362.7,256.11,48220.78,189.85,417.47,480.78,6917.02,1927.77,1.21,1365.46,708074.75,1337.41,9141.06,2662609.11,1106.8,263600.63,0.0,931.1,462.65
1991-03-29,355.65,279.75,50208.24,204.51,411.28,517.42,6942.23,1914.91,1.32,1328.83,703234.38,1301.36,9121.33,2652360.88,1191.99,258393.48,0.0,971.85,457.7
1991-04-30,357.75,282.52,48765.23,207.51,412.06,518.26,7226.59,1853.68,1.39,1318.17,677328.21,1290.77,9147.11,2746716.8,1149.61,255187.39,0.0,992.26,456.21
1991-05-31,360.4,288.89,49902.39,212.12,412.79,534.02,7527.25,1959.4,1.48,1358.45,712877.58,1330.18,9212.58,2916526.17,1215.48,262950.01,0.0,1023.97,477.49
1991-06-28,368.35,308.46,50793.19,227.52,420.91,573.91,7785.63,1993.46,1.6,1389.15,720143.95,1360.32,9469.26,3050151.15,1185.25,269465.57,0.0,1063.87,480.45
1991-07-31,362.85,292.89,49851.52,215.34,418.52,553.43,9347.97,1926.96,1.6,1359.23,709925.49,1331.02,9313.51,3199789.08,1211.92,261978.89,0.0,1040.79,466.54
1991-08-30,347.4,280.79,47532.41,206.66,396.17,530.61,8953.66,1875.94,1.61,1305.63,687789.87,1278.46,8958.82,3144969.14,1151.77,255223.2,0.0,1002.05,441.74
1991-09-30,354.9,273.61,47120.95,202.45,401.16,514.23,9120.51,1889.56,1.65,1335.99,698068.28,1303.39,9039.53,3739925.1,1174.23,262333.61,0.0,993.34,442.97
1991-10-31,357.45,276.67,46668.54,205.14,401.14,523.61,9241.39,1875.38,1.76,1340.46,694845.37,1312.57,9097.8,3929005.04,1182.18,268195.39,0.0,1010.14,458.58
1991-11-29,366.3,277.92,47629.39,207.54,415.38,526.1,9466.73,1973.83,1.86,1371.43,740279.07,1343.07,9297.59,4681072.28,1237.14,277075.43,0.0,1022.32,467.16
1991-12-31,353.15,250.28,44151.42,188.75,408.46,478.82,9080.55,1900.64,1.8,1320.95,706524.61,1293.7,8922.83,4586186.24,1171.07,268147.82,0.0,968.54,465.12
1992-01-31,354.1,264.7,44460.3,197.82,415.53,505.93,9182.86,1936.49,1.96,1322.04,708094.87,1294.64,9010.75,4169040.58,1176.58,268166.32,0.0,993.75,472.3
1992-02-28,353.1,268.95,45619.62,200.97,417.51,524.02,9210.34,1926.03,2.08,1327.94,713864.6,1300.46,8995.3,3945745.23,1203.07,271728.1,0.0,1007.19,470.36
1992-03-31,341.7,261.69,45481.28,196.89,406.77,512.89,9913.34,1876.53,2.14,1281.06,691011.21,1254.57,8732.01,3793965.16,1146.58,264928.44,0.0,985.27,444.97
1992-04-30,336.35,257.99,44875.08,189.55,402.03,510.35,9615.68,1838.54,2.22,1261.37,680938.35,1244.75,8595.92,3813916.97,1116.75,261431.71,0.0,963.5,443.16
1992-05-29,337.5,251.28,43087.08,184.53,406.88,491.76,9669.22,1853.57,2.3,1245.65,677051.19,1233.38,8589.73,3765644.78,1119.42,262019.26,0.0,957.33,445.73
1992-06-30,343.4,243.14,43240.65,180.36,410.76,472.08,9838.49,1837.3,2.37,1286.49,699544.42,1259.8,8678.79,3855172.05,1138.72,271351.97,0.0,951.84,459.28
1992-07-31,357.85,246.81,45569.99,186.38,424.57,472.01,10174.5,1929.69,2.53,1343.43,732421.47,1315.57,9043.17,3998228.22,1189.07,282683.01,0.0,989.31,481.89
1992-08-31,340.0,224.5,41899.63,171.54,406.82,428.0,9699.96,1849.33,2.39,1273.8,697878.85,1247.42,8580.97,3695804.22,1123.61,267308.48,0.0,931.74,473.38
1992-09-30,349.0,241.25,41874.13,195.9,435.49,430.99,9903.84,1847.32,2.53,1315.09,715105.26,1287.81,8735.28,3685588.86,1153.38,275448.45,0.0,973.97,487.31
1992-10-30,339.25,254.97,41795.6,217.12,421.0,467.89,9632.52,1958.77,2.68,1272.27,701908.78,1245.94,8597.95,3734205.32,1126.27,266395.37,0.0,1004.77,487.98
1992-11-30,334.2,261.39,41568.03,220.81,429.81,480.27,9425.57,1913.01,2.77,1252.49,689393.29,1227.06,8534.41,3587429.89,1101.86,262380.93,0.0,1005.29,487.78
1992-12-31,332.9,266.67,41576.23,219.88,425.33,487.81,9639.3,1931.47,2.86,1249.82,685837.32,1223.97,8436.23,3611720.35,1108.46,262056.73,0.0,1017.78,484.73
1993-01-29,330.45,264.28,41222.92,222.23,419.45,491.12,9642.39,1953.9,2.92,1243.18,697207.38,1217.51,8426.81,3586616.5,1103.09,266748.94,168.99,1017.39,489.12
1993-02-26,327.6,270.45,38676.62,230.22,409.21,500.15,9885.56,1929.13,3.01,1227.06,683127.01,1201.74,8356.91,3522924.45,1093.51,262379.44,184.61,1027.39,471.03
1993-03-31,337.8,274.97,38817.25,224.38,424.52,504.85,10539.89,1910.62,3.19,1265.76,695490.7,1239.8,8555.5,3509393.16,1130.19,265808.4,227.22,1073.02,477.7
1993-04-30,354.3,281.13,39404.32,225.81,450.83,508.08,11114.5,2024.25,3.45,1332.97,738775.69,1305.42,8930.89,3752160.85,1186.31,281994.9,276.46,1122.06,500.51
1993-05-31,377.45,300.65,40441.07,241.8,479.85,534.98,11780.25,2163.6,3.8,1415.67,784975.04,1386.48,9447.12,3985904.91,1248.53,299838.17,373.86,1198.77,545.14
1993-06-30,378.45,321.12,40416.99,253.4,485.51,571.41,11869.92,2156.97,4.14,1435.8,802263.29,1405.98,9578.44,3986029.79,1270.28,307523.86,397.76,1273.71,573.57
1993-07-30,401.75,354.79,42136.42,270.54,515.38,611.42,12585.46,2362.18,4.62,1500.95,842476.66,1467.19,10112.74,4384188.77,1346.93,323503.49,412.05,1352.69,583.01
1993-08-31,371.55,318.97,38903.5,249.78,490.7,550.14,11702.27,2164.48,4.41,1393.59,785905.52,1364.31,9364.31,4012317.11,1245.61,301068.08,365.36,1255.53,553.89
1993-09-30,355.5,298.71,37736.97,237.71,474.83,508.11,11158.97,2082.96,4.37,1342.53,759562.57,1314.32,9054.49,3868901.21,1192.96,289914.99,365.27,1230.09,555.46
1993-10-29,369.6,318.85,40092.83,248.64,488.82,548.87,11602.67,2139.03,4.78,1387.15,780876.43,1358.18,9368.66,3975044.35,1244.16,298818.96,443.31,1240.38,554.83
1993-11-30,370.9,327.89,40475.44,249.85,496.45,556.54,11630.44,2157.54,5.11,1395.28,785713.13,1366.42,9419.28,4007217.64,1247.02,300630.06,445.57,1251.99,564.16
1993-12-31,391.75,348.19,43592.9,264.79,517.14,580.05,12252.64,2265.51,5.83,1464.95,824654.2,1432.03,9977.89,4226900.8,1316.74,315272.59,486.09,1327.17,575.48
1994-01-31,377.9,335.18,41194.49,252.13,501.23,554.22,11853.7,3287.84,6.61,1417.3,799380.16,1390.06,9617.9,4109174.24,1272.48,305372.29,583.0,1293.3,532.84
1994-02-28,381.55,332.98,39738.5,256.75,515.94,544.92,11967.32,3317.47,7.67,1430.87,818472.87,1403.22,9660.86,4139181.93,1286.17,308235.12,595.84,1324.63,535.31
1994-03-31,389.2,331.04,39991.64,262.17,538.1,548.34,12209.6,3389.28,10.1,1459.66,838754.33,1429.43,9819.84,4253041.37,1316.31,314153.43,683.92,1354.74,555.24
1994-04-29,376.45,317.52,38204.01,248.27,520.05,529.84,11808.3,3269.36,13.01,1411.76,811815.22,1379.95,9479.04,4099915.25,1266.54,304058.8,689.85,1325.28,527.65
1994-05-31,387.6,325.31,40565.69,256.39,537.4,543.63,12159.41,3356.58,12.15,1453.63,838890.91,1423.25,9767.84,4239984.26,1310.26,312377.25,737.25,1407.23,525.03
1994-06-30,388.25,317.59,38004.19,251.55,532.26,515.47,12085.7,3333.18,12.04,1444.9,836010.03,1419.96,9646.97,4237276.26,1301.8,310155.73,767.98,1407.16,527.28
1994-07-29,384.0,313.37,38468.35,249.91,530.73,516.69,12046.48,3310.07,11.99,1440.23,831531.03,1417.34,9611.85,4187886.82,1297.63,308245.86,791.47,1412.22,519.66
1994-08-31,385.75,313.0,38642.41,251.06,529.08,513.05,12100.5,3301.68,13.22,1446.72,838524.06,1416.19,9659.19,4288263.91,1302.36,308812.13,831.36,1383.78,518.16
1994-09-30,394.85,314.77,39077.33,250.38,529.62,508.48,12383.17,3367.98,13.51,1481.04,859191.43,1450.04,9861.13,4292387.84,1333.87,315358.63,1055.99,1408.2,533.57
1994-10-31,383.85,298.37,37215.4,235.41,519.19,482.91,12044.15,3272.81,13.79,1439.94,833411.67,1413.83,9566.98,4185222.57,1292.38,305995.33,1177.37,1344.0,517.24
1994-11-30,383.1,311.1,37909.05,244.77,526.91,508.96,12027.8,3259.91,14.0,1437.18,834629.07,1408.64,9598.69,4202716.47,1305.49,304420.09,1237.93,1361.1,498.51
1994-12-30,383.25,308.79,38236.85,244.97,537.58,501.56,12022.09,3237.01,14.83,1437.69,842383.5,1407.6,9621.49,4243700.49,1306.42,302192.63,1374.9,1358.35,494.07
1995-01-31,374.9,297.3,37096.34,236.16,529.88,478.37,11762.48,3163.56,15.22,1406.02,831153.08,1377.01,9391.24,4141304.54,1274.47,295945.86,1528.1,1324.63,495.11
1995-02-28,376.4,293.58,36397.87,238.19,523.72,467.19,11828.84,3173.47,15.61,1411.69,834384.48,1382.48,9387.41,4172605.37,1281.6,297224.05,1676.22,1355.91,510.44
1995-03-31,392.0,291.35,33868.79,240.67,549.9,441.39,12314.67,3303.15,16.54,1470.24,877296.0,1439.78,9662.8,4395106.18,1337.7,302663.14,1866.35,1401.99,534.42
1995-04-28,389.75,291.51,32746.79,242.19,530.37,445.09,12250.82,3276.78,16.58,1461.8,870311.75,1431.55,9585.9,4369884.8,1331.31,297125.86,1970.6,1409.84,535.52
1995-05-31,384.3,289.94,32529.05,241.92,526.14,448.67,12076.62,3191.8,16.55,1441.39,855643.52,1411.53,9484.52,4358805.28,1314.61,291241.55,1914.2,1414.15,533.9
1995-06-30,387.05,287.07,32860.52,243.29,531.77,445.92,12153.36,3212.94,17.12,1451.67,861959.92,1421.56,9554.32,4270713.82,1319.18,293480.51,1766.52,1407.43,545.99
1995-07-31,383.35,280.74,33750.11,239.58,526.11,439.51,12042.93,3181.92,17.31,1437.79,856403.57,1408.04,9489.82,4234649.87,1304.39,290214.84,1721.02,1387.65,518.53
1995-08-31,382.35,294.95,37451.17,246.83,513.61,461.11,12179.75,3181.07,18.38,1434.12,866595.94,1404.22,9581.69,4204096.17,1299.61,295632.89,1707.71,1398.56,507.84
1995-09-29,384.0,288.98,37881.59,242.62,517.25,441.22,13027.2,3194.3,18.9,1440.23,870144.0,1410.35,9630.71,4232637.23,1306.18,294988.78,1671.49,1402.1,508.74
1995-10-31,382.65,285.63,39124.04,242.51,514.66,434.88,13086.63,3181.7,19.64,1435.13,868997.93,1405.51,9627.47,4218096.81,1300.63,292784.44,1722.25,1395.45,503.02
1995-11-30,387.8,294.55,39373.31,253.55,526.59,455.16,13532.27,3223.24,21.31,1454.44,885540.85,1424.39,9757.04,4357054.35,1319.72,298857.79,1814.25,1422.06,521.59
1995-12-29,387.0,290.67,39920.98,249.27,527.83,445.32,13608.85,3218.83,23.57,1451.44,884875.5,1421.41,9748.53,4261810.79,1317.15,300215.25,1788.83,1410.81,520.23
1996-01-31,405.55,314.78,43359.35,268.4,558.04,490.76,14776.21,3371.66,25.5,1521.01,929317.38,1489.54,10276.63,4416734.02,1378.06,318457.98,1899.24,1480.18,544.51
1996-02-29,400.65,306.5,42136.35,261.71,549.61,480.18,13892.53,3333.85,26.48,1502.64,928105.5,1471.47,10100.38,4439553.79,1362.85,313528.41,1932.22,1550.52,523.93
1996-03-29,396.35,304.48,42330.2,259.65,540.01,471.83,13515.52,3303.1,28.1,1486.51,926467.78,1455.67,9999.91,4365015.66,1347.79,310044.67,1928.04,1576.78,506.65
1996-04-30,391.3,308.65,40990.61,260.77,532.75,487.05,13597.67,3259.57,29.43,1467.44,911532.9,1437.2,9880.32,4336371.4,1331.05,304529.07,1942.35,1691.39,497.65
1996-05-31,390.55,307.01,42218.43,252.07,535.48,489.08,13680.96,3251.52,30.71,1464.7,910957.42,1434.57,9888.32,4300538.79,1327.99,307733.7,1967.01,1702.8,489.1
1996-06-28,382.0,298.59,41899.67,245.86,521.7,478.15,13457.86,3179.04,31.39,1432.69,889105.0,1403.09,9702.8,4207350.33,1297.08,309878.38,1954.06,1654.25,485.33
1996-07-31,385.3,293.51,41121.12,247.45,529.56,461.2,13697.4,3202.11,32.11,1445.07,906032.49,1415.01,9730.74,4240825.43,1310.52,313210.08,2007.22,1736.74,498.51
1996-08-30,386.45,294.9,41968.46,247.25,528.78,462.81,13784.67,3209.97,33.53,1449.38,905065.79,1419.39,9779.11,4275566.27,1313.47,316599.12,2081.43,1734.19,488.37
1996-09-30,379.0,296.14,42211.13,242.42,516.31,475.11,13511.34,3146.34,34.81,1421.44,879848.5,1392.07,9633.23,4180559.69,1288.41,313054.0,2049.06,1719.33,478.96
1996-10-31,379.5,294.25,43164.33,233.05,508.95,477.68,13510.19,3149.85,36.54,1423.31,883665.75,1393.71,9679.14,4136002.02,1290.34,313865.31,2071.12,1780.99,478.5
1996-11-29,371.3,291.75,42253.91,220.97,500.4,483.54,13262.82,3082.23,38.02,1392.52,870698.04,1363.75,9483.18,4119384.01,1262.34,307788.96,2049.02,1711.13,455.86
1996-12-31,369.25,290.49,42858.84,215.77,506.13,495.83,13228.38,3064.18,40.28,1384.98,872353.13,1356.0,9467.57,4068831.26,1252.83,312200.88,2063.74,1727.17,464.87
1997-01-31,345.5,288.68,41943.7,215.6,465.77,491.72,12394.81,2865.37,40.13,1295.8,821080.75,1268.68,8953.63,3863552.33,1174.73,298563.71,1947.41,1577.73,453.23
1997-02-28,358.6,310.07,43279.41,219.8,490.17,528.93,12866.56,2974.73,44.08,1344.86,859743.15,1316.78,9285.94,4007156.37,1216.55,309955.73,2038.1,1607.07,461.99
1997-03-31,348.15,297.45,43104.44,212.03,480.97,501.54,12489.88,2888.08,44.45,1305.77,835907.92,1278.68,9043.19,4172631.5,1182.39,311768.24,1994.55,1539.0,444.13
1997-04-30,340.15,300.81,43168.42,209.63,475.43,501.18,12162.06,2821.37,46.11,1275.73,826564.26,1249.03,8886.42,3964786.96,1154.88,303413.71,1959.6,1512.48,435.14
1997-05-30,345.6,301.56,40272.75,211.25,476.72,488.92,12363.83,2865.75,48.78,1296.21,840671.64,1269.35,8612.35,4029692.97,1171.48,308102.27,1993.42,1544.49,453.96
1997-06-30,334.55,296.89,38282.53,201.02,461.54,487.74,11976.88,2773.65,49.67,1254.76,813457.85,1228.8,8666.51,3903361.2,1137.07,297080.23,1931.52,1517.35,446.54
1997-07-31,326.35,305.23,38639.82,199.3,451.08,493.47,11649.05,2705.54,52.17,1224.01,853404.87,1198.65,10402.4,3812581.83,1107.4,290451.37,1895.93,1504.64,437.99
1997-08-29,325.35,298.45,39136.33,200.61,451.75,482.85,11819.96,2696.63,54.53,1220.26,959782.07,1194.98,11123.71,3805619.3,1105.54,293628.24,1900.21,1526.38,442.95
1997-09-30,332.1,298.75,40094.41,205.58,459.23,482.31,12012.05,2751.41,57.87,1245.54,1085966.52,1219.74,12055.22,3891712.27,1127.48,303688.7,1945.61,1548.42,458.57
1997-10-31,311.4,273.02,37452.06,185.7,438.76,434.84,11324.05,2579.45,57.14,1168.25,1122596.65,1143.74,12775.18,3800638.54,1059.54,300438.49,1836.33,1498.61,441.76
1997-11-28,296.8,266.62,37879.08,176.16,422.49,423.15,11452.01,2457.38,58.06,1113.18,1082577.29,1090.12,11946.19,3646634.9,1009.27,347107.37,1760.76,1441.41,433.73
1997-12-31,290.2,266.06,37733.25,176.38,415.31,423.29,11378.73,2402.74,60.11,1088.39,1594648.73,1065.82,13973.13,3567035.91,987.4,491888.92,1740.47,1412.26,445.37
1998-01-30,304.85,284.48,38654.96,186.45,445.63,449.84,11834.26,2523.7,66.68,1143.37,3200923.46,1119.71,16080.83,3746759.02,1040.3,464591.18,1841.99,1505.04,444.78
1998-02-27,297.4,275.71,37570.53,180.63,423.26,436.46,11702.68,2462.14,68.66,1115.49,2631989.14,1092.32,12817.93,3858168.81,1012.29,485654.04,1798.82,1469.6,436.52
1998-03-31,301.0,284.19,40139.85,179.75,428.08,458.87,11884.23,2492.07,73.16,1128.81,2603650.0,1105.57,11814.25,3906565.97,1025.3,416885.0,1835.5,1516.74,453.86
1998-04-30,310.7,284.81,41052.78,185.83,444.43,466.02,12339.45,2571.94,77.68,1165.22,2508902.11,1141.17,12016.32,4034284.77,1059.49,415250.49,1904.44,1571.05,476.53
1998-05-29,293.6,267.29,40682.66,180.05,427.19,434.12,12235.77,2430.8,75.84,1101.29,3317678.34,1078.42,11858.5,3811807.72,1001.56,413241.79,1811.36,1513.8,468.71
1998-06-30,296.3,272.95,41121.96,177.58,435.74,449.43,12555.7,2453.27,78.93,1111.39,4385237.11,1088.31,12533.48,3847599.48,1010.77,406819.63,1845.8,1745.21,478.44
1998-07-31,288.85,262.35,41704.14,176.56,435.38,430.53,12287.67,2391.65,78.35,1083.39,3798375.57,1060.95,11799.51,3753198.41,989.17,355429.75,1814.27,1773.54,475.63
1998-08-31,273.4,246.34,38601.33,163.27,427.65,395.42,11624.96,2263.75,75.89,1025.66,3062078.91,1004.17,11455.45,3802311.63,932.57,369226.57,2720.33,1756.68,477.72
1998-09-30,293.85,251.03,39998.84,172.91,448.47,406.78,12460.05,2432.49,81.58,1102.23,3144193.43,1079.28,11615.88,4085687.04,1002.03,408671.68,4708.94,1727.84,496.12
1998-10-30,292.3,247.54,34061.7,174.54,452.19,395.83,12381.82,2419.6,84.18,1096.33,2221478.52,1073.59,10740.55,4064597.65,1002.59,385689.59,4881.41,1639.8,469.71
1998-11-30,294.7,254.8,36224.52,178.54,450.74,410.07,12548.32,2439.58,89.44,1105.3,2188147.14,1082.43,10638.67,4091914.06,1006.19,367196.14,5437.21,1676.84,468.67
1998-12-31,287.8,245.08,32463.81,172.98,442.06,395.29,12230.42,2382.67,90.77,1079.54,2288008.45,1057.06,10457.2,3998402.69,981.4,346079.27,6202.08,1693.07,469.19
1999-01-29,285.4,251.3,33186.3,173.73,431.15,405.07,12130.92,2362.48,95.23,1070.39,2554329.13,1048.24,10545.53,3961350.64,974.01,335344.89,6612.72,1728.18,454.24
1999-02-26,287.05,261.48,34058.46,179.18,433.3,415.96,12249.85,2376.49,101.79,1077.15,2536802.65,1054.36,10712.7,3987695.89,981.37,351205.44,6632.28,1778.27,462.24
1999-03-31,279.45,258.85,33095.26,173.11,422.75,413.61,11857.06,2313.85,104.25,1048.02,2424228.33,1026.39,10497.53,3884913.22,953.76,342885.09,6987.64,1728.4,442.52
1999-04-30,286.6,270.89,34209.99,178.01,417.38,436.35,12260.74,2372.76,112.23,1074.89,2317159.82,1052.68,10637.15,3986174.06,986.62,340623.93,7080.45,1749.55,432.41
1999-05-31,268.6,257.55,32714.12,167.53,396.64,409.8,11509.5,2223.58,109.23,1007.38,2168943.82,986.57,9963.71,3736895.46,917.21,318653.4,6639.78,1666.66,413.99
1999-06-30,261.0,253.08,31591.44,165.58,386.31,405.75,11317.3,2160.74,110.15,978.91,1796985.0,958.63,9624.38,3636382.5,890.77,302107.5,6330.55,1575.0,394.32
1999-07-30,255.6,238.81,29333.93,157.78,383.58,381.61,11070.04,2115.7,109.78,958.6,1747664.94,938.79,9509.59,3565108.67,872.82,307614.59,6197.02,1575.39,391.42
1999-08-31,254.8,241.22,27937.54,158.46,380.21,386.05,11075.52,2108.98,113.54,955.63,1955589.91,935.85,9772.85,3557517.43,870.09,300791.39,6391.66,1549.69,399.87
1999-09-30,299.0,280.75,31834.53,181.56,439.38,448.68,13034.9,2475.06,137.96,1121.34,2498145.0,1098.23,12236.57,4184206.0,1020.4,363733.5,7545.26,1794.0,458.17
1999-10-29,299.1,284.56,31214.06,182.28,439.95,455.74,12977.94,2475.89,143.8,1121.71,2041356.5,1098.56,11545.25,4190239.4,1025.91,358770.27,7808.0,1837.97,469.32
1999-11-30,291.35,289.35,29771.58,182.93,429.19,463.51,12649.68,2412.06,150.95,1092.74,2129767.43,1070.13,11361.19,4083559.55,995.37,337747.32,7779.04,1799.09,458.31
1999-12-31,290.25,289.56,29708.54,180.09,421.24,464.6,12630.95,2403.12,157.43,1088.52,2046262.5,1066.06,10906.14,4071772.13,992.89,328795.14,7996.38,1787.21,443.54
2000-01-31,283.3,289.55,30325.83,174.78,410.47,465.69,12360.03,2345.07,158.42,1062.49,2102084.55,1040.56,10613.83,3980928.86,970.25,318287.33,8112.29,1787.76,444.18
2000-02-29,293.65,305.0,32258.91,186.01,426.09,489.93,12806.45,2431.01,168.79,1101.27,2180350.52,1078.52,11192.46,4127836.68,1006.34,332148.87,8427.75,1863.12,478.1
2000-03-31,276.75,289.22,28384.86,173.48,401.79,460.15,12067.68,2291.13,162.99,1037.95,2094997.5,1016.5,10463.92,3891381.75,949.61,305877.94,7931.65,1811.33,455.93
2000-04-28,275.05,301.82,29726.01,175.78,407.54,473.22,12007.98,2277.38,168.0,1031.63,2179769.7,1010.26,10475.27,3869400.65,945.15,305236.52,7819.66,1864.7,471.38
2000-05-31,272.25,293.56,29314.52,182.14,407.75,461.46,12135.81,2253.49,167.86,1021.13,2338627.5,999.97,10673.56,3834369.0,938.45,307506.38,7691.74,1896.22,477.21
2000-06-30,288.15,300.59,30487.7,190.34,426.95,468.56,12872.37,2385.36,178.51,1080.71,2522032.02,1058.35,11302.68,4058015.07,1000.51,321294.32,8088.37,1953.66,479.93
2000-07-31,276.75,298.67,30326.26,184.79,411.2,461.92,12459.28,2291.27,175.86,1038.01,2463075.0,1016.45,11435.31,3899961.0,965.58,309060.56,7710.25,1926.73,477.98
2000-08-31,277.0,311.55,29539.28,190.38,408.49,482.7,12678.29,2293.17,181.37,1038.94,2303255.0,1017.42,11322.38,3911240.0,973.65,307123.75,7693.67,1931.38,479.4
2000-09-29,273.65,310.08,29570.61,185.09,411.73,472.98,12597.47,2265.77,182.12,1026.38,2401277.89,1005.09,11546.66,3889659.71,975.01,305160.66,7602.54,1976.03,505.26
2000-10-31,264.5,312.06,28880.75,182.16,403.97,475.6,12387.86,2189.4,180.61,992.11,2475720.0,971.46,11634.03,3802716.5,988.57,300868.75,7374.79,1999.28,510.42
2000-11-30,269.1,309.13,29809.53,189.83,413.58,467.1,12608.67,2227.53,183.75,1009.37,2565867.1,988.38,11791.95,3901409.68,1017.55,327090.87,7517.03,2083.51,511.79
2000-12-29,274.45,292.31,31342.18,183.73,412.22,444.75,12811.32,2271.73,183.96,1029.32,2655303.28,1008.05,11905.64,3983366.59,1067.61,347179.19,7864.09,2077.59,493.88
2001-01-31,264.5,284.41,30757.38,181.03,397.15,434.84,12271.47,2189.56,179.07,991.98,2499525.0,971.46,11239.93,3847152.5,1018.99,332476.5,7531.37,2055.67,481.61
2001-02-28,266.7,290.02,31282.57,184.92,408.26,446.7,12416.21,2207.82,257.37,1000.23,2627661.27,979.59,11484.1,3884218.09,1035.46,334468.37,7646.29,2060.52,508.78
2001-03-30,257.7,291.52,32294.96,181.27,405.77,444.79,12015.26,2133.16,271.23,966.43,2684589.24,946.53,11595.21,3747988.09,993.43,342998.64,7418.41,2064.2,527.75
2001-04-30,263.15,296.81,32508.22,183.92,404.33,456.54,12323.31,2178.2,298.94,986.92,3052538.87,966.55,12000.95,3833041.48,1023.21,346568.42,7612.92,2109.15,515.17
2001-05-31,267.5,315.6,31784.35,188.3,413.55,479.89,12575.17,2214.1,312.97,1003.23,2975937.5,982.53,12140.49,3921817.5,1039.91,342667.5,7803.51,2146.69,527.72
2001-06-29,270.6,319.63,33749.21,192.41,410.66,486.4,12729.02,2239.67,339.6,1014.86,3082132.33,993.91,12252.76,4017190.13,1054.8,351915.11,7887.17,2181.41,532.57
2001-07-31,265.9,303.89,33206.91,186.58,406.4,459.32,12531.86,2200.85,353.58,997.23,2526049.07,976.65,12151.62,3973741.09,1049.91,345138.07,7804.96,2198.41,524.15
2001-08-31,273.0,300.53,32488.36,188.22,423.18,455.66,12869.22,2259.59,374.15,1023.86,2419462.5,1002.73,12035.2,4093362.0,1163.61,348757.5,8030.56,2301.14,519.01
2001-09-28,293.1,321.84,34916.98,199.43,463.01,473.8,14024.83,2425.93,448.59,1099.42,2845266.83,1076.53,13037.08,4397377.1,1249.28,383814.26,8637.36,2640.18,593.92
2001-10-31,278.75,309.48,34120.39,191.67,442.26,455.17,13377.21,2307.16,443.49,1045.31,2919906.25,1023.85,12462.91,4190170.0,1188.31,360981.25,8287.51,2627.89,552.42
2001-11-30,275.5,307.68,33919.56,193.19,433.0,453.69,13204.71,2280.37,407.46,1033.18,2883107.5,1011.91,12091.69,4150958.5,1174.59,350697.71,8248.47,2832.14,529.71
2001-12-31,276.5,310.53,36238.09,189.98,441.38,459.07,13332.83,2288.48,402.31,1036.99,2875600.0,1015.56,12229.59,4170449.5,1264.99,363182.75,8431.87,3316.62,540.14
2002-01-31,282.3,327.91,37764.65,199.75,448.91,483.27,13694.36,2336.45,369.39,1058.71,2911922.49,1036.92,12433.89,4268655.35,1307.75,371054.84,8675.78,3223.58,557.13
2002-02-28,296.85,343.18,39725.93,209.88,476.3,505.95,14465.49,2456.88,414.11,1113.31,3013026.01,1090.36,12972.34,4494603.63,1375.16,392999.49,9207.09,3392.64,575.07
2002-03-29,301.4,345.48,39946.03,211.66,480.85,506.89,14702.29,2494.81,403.27,1130.34,2961254.04,1107.04,13116.92,4578264.52,1396.23,399942.59,9393.13,3425.41,564.74
2002-04-30,308.2,342.03,39572.87,211.49,483.78,499.31,15080.22,2551.06,413.14,1155.84,2875505.54,1132.05,13331.19,4690957.36,1431.03,398826.09,9628.16,3277.31,573.93
2002-05-31,326.6,349.57,40532.67,223.22,499.04,511.72,16006.66,2703.1,471.12,1224.81,2840602.23,1199.6,13828.24,4980484.47,1502.36,400476.72,10234.0,3190.29,576.93
2002-06-28,318.5,322.5,38175.41,208.96,484.41,474.02,15561.91,2636.26,504.98,1194.5,2775090.5,1169.85,13227.3,4864291.25,1479.02,383155.5,10039.12,3283.73,567.33
2002-07-31,304.65,310.74,36484.87,195.02,482.66,451.46,14818.17,2521.5,515.92,1142.53,2761499.04,1118.92,12801.39,4667236.5,1415.16,361951.46,9606.31,3118.4,559.71
2002-08-30,312.8,318.96,37087.1,202.21,487.97,469.42,15161.4,2588.98,510.49,1173.09,2769842.27,1148.88,13197.02,4795221.01,1449.05,375969.71,9886.76,3287.99,567.8
2002-09-30,323.7,327.53,39407.23,205.84,513.45,476.87,15650.89,2679.36,537.83,1214.0,2911357.36,1188.95,14003.26,4966852.05,1503.65,397422.62,10267.76,3411.8,595.69
2002-10-31,316.9,320.0,38823.41,202.56,496.11,467.81,15318.94,2622.98,531.44,1188.53,2924986.1,1163.97,13713.84,4868057.85,1468.04,386142.53,10074.18,3174.35,570.99
2002-11-29,319.05,320.72,39088.39,205.04,499.82,473.28,15413.3,2640.84,491.02,1196.5,2864269.62,1171.9,13877.07,4908102.67,1478.0,385651.45,10162.47,2956.63,568.31
2002-12-31,347.2,330.86,41202.22,215.67,548.51,480.07,16648.24,2873.77,576.35,1302.1,3107439.56,1275.23,14964.31,5347226.45,1607.54,411796.43,11093.04,2979.15,616.59
2003-01-31,367.5,342.34,44077.95,223.58,562.86,502.59,17567.79,3041.76,606.56,1378.16,3259725.0,1349.79,15717.97,5670892.5,1962.45,427770.0,11704.32,3136.13,626.92
2003-02-28,347.45,322.37,41077.27,220.59,517.63,471.14,16561.2,2876.02,554.7,1303.01,3086571.64,1276.18,14865.64,5360979.02,1937.03,414733.6,10972.46,2802.22,572.5
2003-03-31,334.85,306.86,39706.49,211.84,492.55,452.53,15891.97,2771.69,574.43,1255.72,2980665.97,1229.9,14360.03,5174602.21,1929.57,420052.38,10507.17,2635.6,554.11
2003-04-30,336.75,301.75,40160.8,210.7,483.1,456.73,15943.42,2787.31,527.35,1262.88,2920801.13,1236.88,14436.47,5207502.0,1998.61,409151.25,10476.97,2450.29,538.33
2003-05-30,361.4,307.27,43225.23,220.59,496.31,470.71,16993.02,2991.23,516.62,1355.36,3003233.19,1327.39,15084.83,5592121.39,2159.36,435848.28,11090.17,2908.38,554.59
2003-06-30,346.0,301.3,41545.95,209.68,470.13,468.67,16078.62,2864.01,490.54,1297.57,2854500.0,1270.86,14545.84,5361962.0,2095.27,413297.0,10501.1,2598.46,515.92
2003-07-31,354.75,315.18,42763.34,220.69,499.58,487.07,16368.87,2936.37,506.41,1330.42,3018922.5,1302.96,14892.4,5503591.5,2183.49,418782.38,10734.41,2629.8,547.37
2003-08-29,375.6,342.11,43824.99,237.46,521.01,526.05,17217.5,3108.88,526.5,1408.59,3186964.76,1379.52,15433.4,5829309.73,2309.94,442550.53,11462.93,2753.15,580.3
2003-09-30,388.0,333.18,43345.42,233.54,523.59,512.39,17754.88,3211.48,540.29,1455.1,3257260.0,1425.05,15492.84,6034952.0,2382.32,446258.16,11867.75,2702.42,573.24
2003-10-31,386.25,332.26,42462.39,227.61,509.1,515.78,17504.85,3196.84,572.81,1448.51,3281773.13,1418.62,15409.44,6041722.5,2363.85,457126.88,11566.25,2663.19,544.36
2003-11-28,398.35,332.32,43627.27,231.62,517.81,514.97,18232.47,3297.14,582.39,1493.93,3387965.5,1463.06,15904.11,6224614.81,2454.87,478836.36,11847.12,2544.96,550.51
2003-12-31,416.25,330.0,44609.51,232.52,537.9,514.8,18991.41,3445.18,584.83,1561.06,3505865.63,1528.89,16492.86,6510982.5,2566.18,495961.88,12172.19,2778.47,552.46
2004-01-30,399.75,321.78,42313.53,219.61,531.83,503.84,18106.68,3308.65,535.27,1499.14,3381285.38,1468.32,15686.19,6274076.25,2464.46,469106.63,11404.87,2826.73,525.26
2004-02-27,395.85,318.59,43250.55,213.3,531.13,502.75,17906.26,3276.41,525.69,1484.4,3346910.51,1454.02,15552.94,6236218.59,2450.11,465519.43,11285.88,2633.0,513.06
2004-03-31,423.7,344.78,44079.62,230.54,556.85,536.76,18397.05,3506.96,556.74,1588.83,3628354.53,1556.27,16647.17,6660986.93,2622.68,485750.79,12083.5,2670.37,554.98
2004-04-30,388.5,324.09,42872.92,219.08,534.28,503.73,17276.59,3215.65,551.09,1456.95,3411807.0,1426.96,15543.88,6106248.75,2407.79,455846.42,11271.16,2702.5,537.94
2004-05-31,393.25,322.03,43463.95,214.49,536.63,493.29,17849.62,3254.89,590.46,1474.81,3647393.75,1444.45,15954.15,6191328.0,2434.02,458116.57,11417.22,2562.02,551.08
2004-06-30,395.8,325.32,43187.69,218.25,530.67,495.7,18196.89,3275.84,587.37,1484.37,3721507.66,1453.81,16182.27,6222566.63,2449.98,457346.67,11507.48,2458.81,568.19
2004-07-30,391.4,325.1,43623.47,215.24,520.17,500.74,18151.17,3239.62,574.09,1467.83,3575438.11,1437.63,16172.64,6163765.66,2431.18,457742.19,11388.95,2453.1,558.9
2004-08-31,407.25,335.1,44693.65,226.38,536.59,516.41,18874.0,3370.6,612.3,1527.27,3817968.75,1495.83,16961.96,6418260.0,2538.19,469090.85,11916.95,2710.76,576.72
2004-09-30,415.65,334.66,45810.85,229.7,526.03,519.02,19119.9,3440.13,625.76,1558.77,3807353.11,1526.68,17218.29,6548564.21,2591.58,478620.86,12146.58,2691.33,573.82
2004-10-29,425.55,334.54,45189.13,232.25,519.06,511.28,19305.06,3522.11,627.47,1595.9,3872503.22,1563.04,17475.2,6700281.67,2651.18,476403.01,12232.64,2620.32,569.72
2004-11-30,453.4,341.15,46607.24,237.2,539.12,515.92,20171.76,3752.56,649.5,1700.39,4080599.12,1665.16,17868.48,7151023.26,2822.41,475389.8,12754.13,2628.47,584.35
2004-12-31,435.6,320.47,44635.91,226.89,521.91,495.32,18935.52,3605.24,587.41,1633.8,4043455.64,1599.87,16923.05,6870716.49,2644.09,450932.95,12074.82,2454.06,555.68
2005-01-31,422.15,323.85,43673.51,223.82,523.78,501.72,18428.95,3493.88,563.78,1583.15,3869426.0,1550.35,16278.1,6664480.51,2463.24,432914.73,11828.64,2515.17,544.74
2005-02-28,435.45,328.06,45410.89,226.13,535.25,504.25,18985.61,3604.0,556.72,1632.96,4031177.92,1599.49,16664.66,6881415.58,2526.15,438280.38,12051.07,2523.45,548.53
2005-03-31,427.5,328.93,45725.4,226.24,517.21,509.54,18666.78,3538.16,577.34,1603.25,4048425.0,1570.16,16721.66,6762622.5,2479.5,434126.25,11911.04,2660.65,552.65
2005-04-29,435.7,337.5,45711.46,228.13,546.78,518.68,18966.02,3606.03,604.97,1633.98,4165291.53,1600.28,17192.72,6896258.83,2528.15,434436.36,12104.18,2649.93,558.02
2005-05-31,414.45,335.65,44667.34,227.4,519.78,515.99,18130.11,3430.28,562.2,1554.27,3940382.91,1522.23,16834.95,6571103.98,2401.74,417972.78,11704.27,2796.92,546.88
2005-06-30,437.1,361.05,48435.03,243.86,535.36,559.97,19005.1,3617.61,583.75,1639.21,4266094.57,1605.42,18060.96,6928469.78,2531.9,451742.7,12514.16,2917.05,573.43
2005-07-29,429.0,353.19,48088.75,243.67,525.93,551.33,18635.75,3477.3,568.64,1608.88,4206345.0,1575.67,17859.27,6811662.0,2477.47,440454.28,12275.83,2817.99,564.44
2005-08-31,433.25,352.28,48149.24,240.89,514.74,545.22,19101.99,3509.24,581.64,1624.88,4462475.0,1591.24,17895.39,6878277.0,2501.04,450796.63,12343.29,2792.9,576.78
2005-09-30,473.25,392.53,53638.15,267.51,549.25,610.14,20806.43,3829.54,636.88,1775.66,4869742.5,1737.77,19434.01,7521125.63,2725.92,492889.88,13467.51,3008.78,619.72
2005-10-31,470.75,393.03,54797.65,265.92,555.27,607.79,21233.18,3805.78,636.45,1765.5,4761636.25,1729.06,19204.25,7483042.0,2709.87,489674.13,13444.62,3154.35,630.06
2005-11-30,495.65,420.42,59306.99,286.44,579.19,651.61,22750.33,4005.05,671.48,1858.91,4971368.52,1820.52,20443.08,7884798.65,2856.55,512254.17,14276.65,3200.29,669.66
2005-12-30,513.0,434.91,60549.39,298.82,599.26,676.11,23090.13,4140.01,693.32,1923.93,5047920.0,1884.25,21033.0,8163882.0,2943.98,518565.98,14744.34,3253.7,699.34
2006-01-31,568.75,468.38,66580.71,320.0,650.25,728.63,25096.09,4585.03,752.46,2133.07,5338571.88,2089.02,22138.59,9053362.5,3259.93,548644.63,15993.96,3461.73,751.87
2006-02-28,556.0,466.35,64398.7,317.49,632.7,729.28,24669.72,4470.35,730.86,2085.17,5105470.0,2042.24,21771.84,8845960.0,3187.96,539876.0,15583.62,3430.1,748.47
2006-03-31,582.0,480.93,68670.17,335.53,678.96,760.59,25936.82,4666.01,783.08,2182.7,5288634.0,2137.54,22636.88,9268350.0,3345.04,565500.24,16128.72,3587.74,816.21
2006-04-28,644.0,511.25,73544.8,354.3,721.63,800.97,28925.26,5161.02,850.72,2415.32,5662370.0,2365.54,24195.07,10266970.0,3705.58,607420.77,17549.84,3899.74,848.76
2006-05-31,653.0,508.39,73207.82,348.96,718.92,793.39,30233.89,5235.43,1026.52,2449.08,6043515.0,2398.27,24944.6,10420247.5,3763.73,617542.07,17617.12,4373.47,866.45
2006-06-30,613.5,479.8,70132.24,331.7,682.27,751.54,28245.54,4904.5,974.54,2300.63,5682850.5,2253.32,23408.09,9813546.0,3530.69,582027.42,16474.92,4375.33,825.76
2006-07-31,632.5,495.63,72380.14,338.77,714.88,778.83,29449.2,5040.39,946.22,2372.1,5736775.0,2323.14,23933.8,10123795.0,3632.92,604480.22,16957.32,4385.28,825.39
2006-08-31,623.5,487.09,73127.19,327.79,691.93,768.74,29014.57,4958.51,913.74,2338.37,5671979.5,2290.02,23437.36,9984729.0,3579.2,599495.25,16685.17,4495.43,816.47
2006-09-29,599.25,473.06,70750.44,320.81,668.55,751.43,27520.55,4736.53,906.37,2247.4,5528081.25,2200.96,22522.81,9620659.13,3439.49,567190.13,16060.85,4655.06,803.02
2006-10-31,603.75,473.03,70732.33,316.56,676.47,750.97,27186.86,4756.95,880.87,2264.21,5501671.88,2217.6,22169.69,9705281.25,3462.51,568853.22,16123.44,4456.97,780.19
2006-11-30,646.7,487.87,74794.08,328.77,738.53,774.78,28928.18,5065.86,939.65,2425.35,5927005.05,2375.2,23206.82,10392468.22,3698.8,601010.51,16973.6,4640.88,819.18
2006-12-29,632.0,479.28,75305.96,322.92,735.46,771.48,27972.32,4932.82,895.23,2370.16,5683892.0,2321.18,22846.8,10147392.0,3609.51,587760.0,16637.71,4456.07,801.83
2007-01-31,650.5,500.6,78684.47,332.33,767.85,811.69,28727.37,5056.92,918.18,2439.83,5919550.0,2389.19,22598.36,10434020.0,3705.9,612445.75,17241.98,4718.56,839.79
2007-02-28,664.2,502.82,78697.72,338.92,778.81,811.12,29407.45,5141.24,939.51,2490.92,6065141.85,2438.84,22549.59,10623214.02,3782.62,625477.06,17363.84,4830.92,842.95
2007-03-30,661.75,497.13,78136.13,337.4,763.43,807.86,28762.96,5115.46,918.18,2481.73,6038468.75,2429.91,23167.86,10601235.0,3769.49,622441.95,17227.4,4799.34,819.15
2007-04-30,677.0,496.06,80904.88,338.53,748.19,816.94,27885.62,5215.54,924.27,2539.22,6149191.0,2486.59,23542.67,10863142.0,3848.74,629948.5,17396.19,4764.01,813.36
2007-05-31,659.1,489.8,80288.24,333.2,704.64,807.69,26762.75,5039.87,869.85,2471.92,5817874.41,2420.45,22827.92,10608212.14,3751.43,611974.21,17060.49,4690.15,796.35
2007-06-29,650.5,481.66,80333.49,324.22,691.97,797.25,26493.23,4952.39,849.59,2439.83,5877267.5,2389.19,22458.51,10495817.5,3702.97,600996.89,16763.58,4587.33,766.74
2007-07-31,665.5,486.17,79237.75,327.5,710.59,800.86,26874.55,5039.43,850.21,2495.92,6139237.5,2444.21,22477.26,10741170.0,3764.23,611794.02,17009.84,4727.11,776.73
2007-08-31,672.0,492.94,77894.88,333.16,710.88,811.98,27468.0,5070.24,875.95,2520.54,6310080.0,2468.29,23056.32,10913280.0,3799.82,630504.0,17236.46,4819.92,826.01
2007-09-28,743.0,522.45,85456.14,364.69,738.32,867.97,29606.68,5577.03,900.0,2779.93,6794735.0,2727.74,25466.32,11951898.0,4151.51,679956.38,18492.82,5124.28,839.6
2007-10-31,789.5,545.71,91017.5,380.05,749.87,915.07,31045.89,5892.04,924.7,2953.68,7182081.5,2899.0,26831.15,12695949.5,4356.07,711102.61,19480.52,5162.9,851.9
2007-11-30,783.5,533.77,86909.73,381.05,783.19,884.61,31046.19,5797.9,923.35,2910.7,7341395.0,2864.16,26519.51,12573216.25,4336.67,721720.95,19169.5,5326.04,885.91
2007-12-31,833.75,570.26,93142.38,418.84,822.87,943.93,32862.25,6089.79,977.36,3127.02,7830996.88,3062.03,28084.87,13353756.88,4599.17,780431.53,20459.14,5698.14,949.55
2008-01-31,923.25,623.56,98164.55,464.41,930.82,1001.26,36352.97,6630.6,1083.76,3461.54,8536831.13,3389.34,30481.1,14744764.13,5126.35,871455.59,22604.3,6923.22,1034.57
2008-02-29,971.5,639.94,101138.0,488.39,951.49,1014.05,38874.57,6908.82,1173.81,3637.78,8806647.5,3567.93,30577.95,15476480.75,5329.89,912286.89,23341.84,7544.81,1038.59
2008-03-31,933.5,589.13,92915.91,469.69,957.82,923.28,37452.02,6545.7,1247.16,3501.84,8592867.5,3428.37,29391.23,15038685.0,5085.94,924491.59,21888.42,7586.09,1022.62
2008-04-30,871.0,559.45,91028.21,439.78,877.18,907.19,35288.56,6086.11,1112.44,3266.69,8032362.0,3199.05,27619.4,14042262.0,4681.63,873308.07,20626.06,6574.31,924.29
2008-05-30,885.75,569.96,93504.19,448.21,880.17,925.39,37604.5,6148.88,1080.08,3322.14,8250761.25,3253.23,28782.44,14389894.5,4736.55,912366.62,20991.73,6765.05,928.99
2008-06-30,930.25,590.43,98611.14,467.43,943.78,947.55,40024.0,6376.21,1137.42,3488.2,8576905.0,3416.85,31102.91,15667270.5,4956.14,973087.83,21809.38,7282.14,969.36
2008-07-31,918.0,588.37,99222.02,463.43,941.45,962.06,39083.85,6271.59,1059.6,3442.73,8349210.0,3371.77,30743.81,15390270.0,4872.97,929061.72,21510.99,6704.84,976.02
2008-08-29,833.0,565.8,90401.32,456.7,882.85,914.93,36597.85,5693.55,985.02,3124.04,7621950.0,3059.65,28521.91,13765325.0,4477.38,907053.62,20487.51,6401.81,967.26
2008-09-30,884.5,629.69,93902.94,496.23,940.4,991.74,41540.54,6057.5,1124.2,3326.6,8340835.0,3248.99,29931.48,14682700.0,4831.58,1067547.23,22716.13,7324.23,1121.32
2008-10-31,730.75,576.28,71869.26,452.27,888.48,853.55,36135.59,4997.96,1119.25,2741.23,7965175.0,2684.3,25631.05,12294868.75,4073.93,943361.68,19807.67,7197.89,1107.62
2008-11-28,814.5,641.89,77577.05,530.81,1010.96,989.33,40794.23,5567.03,1277.75,3055.68,9794362.5,2991.66,28926.97,13823694.0,4496.04,1196500.5,22741.97,8197.98,1250.77
2008-12-31,869.75,625.7,78842.83,604.94,1073.71,925.72,42374.21,5934.3,1342.46,3264.26,9480275.0,3194.64,30249.9,15205839.25,4793.41,1095493.44,26557.81,8040.84,1247.49
2009-01-30,919.5,717.52,82580.29,637.79,1140.04,1067.26,44945.15,6287.54,1512.16,3450.52,10463910.0,3377.09,32159.5,16076078.25,5118.4,1268542.07,32863.89,9381.2,1445.98
2009-02-27,952.0,749.58,93148.43,667.91,1207.94,1109.08,48685.28,6511.49,1619.78,3570.38,11404960.0,3496.65,34443.35,16640008.0,5299.78,1459892.0,34147.61,9562.36,1490.18
2009-03-31,916.5,690.29,90522.69,639.41,1153.09,1042.11,46498.61,6262.99,1533.35,3437.24,10590157.5,3366.35,32503.67,16310950.5,5163.56,1267748.63,31080.8,8715.91,1319.08
2009-04-30,883.25,666.55,86898.55,596.07,1049.39,1005.98,44193.4,6026.41,1407.19,3312.32,9349201.25,3244.22,31138.97,15706834.75,4976.23,1133209.75,29221.97,7486.65,1202.19
2009-05-29,975.5,689.18,93116.34,604.94,1068.95,1040.32,45960.67,6660.81,1506.66,3658.32,10037895.0,3582.77,33498.67,17339512.5,5484.26,1224349.91,30041.0,7840.58,1218.69
2009-06-30,934.5,666.24,90165.22,567.45,1085.28,1016.31,44767.22,6383.29,1435.58,3504.56,9538908.75,3432.32,31838.41,16608868.5,5227.59,1190506.23,29130.46,7216.68,1155.92
2009-07-31,939.0,662.32,89388.1,566.4,1015.15,1010.6,45025.05,6415.34,1388.78,3521.34,9319575.0,3448.95,31954.17,16726876.5,5209.57,1153279.75,29634.84,7360.73,1129.49
2009-08-31,955.5,665.83,88636.96,586.27,1049.38,1009.82,46652.28,6526.64,1433.73,3583.36,9631440.0,3509.5,32496.55,17026054.5,5281.05,1193323.86,30371.56,7442.25,1133.38
2009-09-30,995.75,681.23,89154.46,622.6,1068.74,1033.24,47900.55,6797.29,1480.03,3734.26,9623923.75,3657.34,33268.0,17764677.88,5478.62,1173242.44,29922.28,7545.3,1128.26
2009-10-30,1040.0,704.87,94140.79,630.93,1120.29,1065.22,48843.6,7100.6,1558.86,3900.05,9932000.0,3819.76,34761.99,18571280.0,5691.92,1229540.0,30285.94,8140.08,1150.95
2009-11-30,1175.75,783.13,101284.97,716.44,1239.53,1180.75,54690.01,8026.96,1798.19,4409.12,11116716.25,4319.23,39087.8,21733738.75,6439.58,1367161.87,34366.58,8738.47,1284.48
2009-12-31,1087.5,757.97,101240.8,673.44,1140.08,1124.2,50606.8,7424.36,1630.11,4078.94,10217062.5,3994.55,36257.25,20090475.0,5964.67,1266366.4,32965.92,8008.08,1209.21
2010-01-29,1078.5,775.93,97771.42,673.05,1149.14,1136.85,49794.34,7362.7,1606.7,4044.54,10083975.0,3961.38,35800.8,19924209.0,5894.0,1252947.38,32709.54,8137.28,1213.37
2010-02-26,1108.25,812.08,98484.63,727.96,1171.36,1188.93,51095.86,7564.91,1708.2,4155.99,10345513.75,4070.6,36644.27,21139868.75,6084.29,1285459.07,33140.0,8494.18,1237.58
2010-03-31,1115.5,824.4,104232.31,735.38,1131.73,1174.12,50080.36,7614.29,1698.01,4183.29,10150492.25,4097.23,36069.68,21294895.0,6141.94,1262132.42,32819.4,8192.18,1215.34
2010-04-30,1179.25,886.89,110861.29,770.42,1194.4,1271.23,52311.51,8048.62,1751.07,4422.78,10629759.5,4331.38,38154.63,22379216.88,6555.45,1307021.57,34460.62,8677.1,1266.85
2010-05-31,1207.5,984.07,109924.75,831.07,1267.09,1395.08,55985.73,8244.69,1899.22,4528.37,11078812.5,4435.27,39255.82,22924387.5,6835.05,1451432.98,37331.05,9285.61,1439.64
2010-06-30,1244.0,1015.59,110081.55,831.5,1321.94,1341.47,57777.57,8436.06,1969.56,4665.56,11276860.0,4569.09,40293.16,23735520.0,7085.82,1520124.27,38855.09,9536.25,1472.8
2010-07-30,1169.0,897.3,101305.53,746.44,1204.01,1223.07,54247.44,7919.97,1761.1,4383.87,10460796.5,4293.68,37729.47,22298675.0,6664.47,1383014.62,35426.54,8538.14,1291.36
2010-08-31,1246.0,980.37,104626.6,810.72,1328.67,1263.44,58611.83,8482.02,1897.53,4672.69,11257610.0,4576.18,38993.57,24290770.0,7109.18,1493829.28,38354.37,9190.18,1399.92
2010-09-30,1307.0,957.37,109186.77,829.42,1340.79,1276.87,58730.04,8745.4,1890.51,4901.58,11664975.0,4800.55,39667.44,25453825.0,7440.75,1490306.75,39953.66,9115.41,1349.86
2010-10-29,1346.75,968.96,108480.7,842.35,1370.45,1324.53,59829.35,8983.9,1928.68,5050.51,12036578.13,4946.55,40375.56,26248157.5,7777.14,1515430.44,41556.92,9369.41,1373.95
2010-11-30,1383.5,1062.8,115895.78,888.37,1420.99,1378.93,63481.89,9223.79,2085.49,5188.82,12498539.0,5081.59,41823.2,26976866.5,8010.46,1604029.77,43582.32,9812.13,1442.57
2010-12-31,1405.5,1047.67,113993.07,897.71,1396.58,1310.07,62846.93,9261.82,2163.06,5270.98,12663555.0,5162.54,42368.78,27403736.25,8158.93,1595101.81,42905.69,9298.44,1371.15
2011-01-31,1327.0,967.91,108721.1,828.47,1327.33,1246.92,60922.55,8762.18,2127.38,4977.11,12006696.0,4874.0,40997.65,25873182.5,7772.9,1487964.84,39515.41,9527.86,1330.99
2011-02-28,1411.0,1021.58,115603.22,867.51,1375.09,1311.45,63868.91,9272.53,2257.88,5292.1,12447136.5,5182.67,43141.32,29458152.5,8312.2,1592525.01,40713.84,9791.0,1385.64
2011-03-31,1439.0,1014.02,119264.31,897.72,1399.79,1316.47,64172.18,9423.29,2221.6,5396.47,12530092.5,5285.02,43522.55,30067905.0,8575.72,1578510.98,40896.38,9726.85,1391.48
2011-04-29,1535.5,1034.98,124590.47,920.59,1456.96,1333.5,67892.13,9966.93,2332.65,5757.74,13150022.0,5639.89,45834.66,31700397.5,9131.62,1645518.43,42035.06,10114.64,1403.12
2011-05-31,1536.5,1068.8,124825.25,933.5,1488.64,1310.48,69211.64,9955.14,2455.02,5761.95,13114795.75,5643.64,46555.93,31567392.5,9129.88,1658113.83,43005.94,10490.53,1441.98
2011-06-30,1505.5,1038.38,121584.17,937.74,1452.96,1267.63,67299.61,9731.55,2444.93,5645.7,12910415.25,5529.7,46256.47,30990717.5,8985.58,1607346.93,42026.78,10205.78,1406.22
2011-07-29,1628.5,1133.26,125703.89,992.08,1553.83,1283.58,71963.39,10482.0,2731.16,6107.2,13846321.25,5981.32,48570.01,33538957.5,9702.6,1716927.23,45009.13,10927.89,1482.54
2011-08-31,1813.5,1259.55,138678.32,1113.77,1773.33,1462.5,83511.65,11566.86,3113.14,6800.8,15474595.5,6660.44,54350.57,37778832.0,10796.22,1934732.21,52323.55,12692.23,1693.36
2011-09-30,1620.0,1207.42,124869.58,1039.93,1688.12,1471.45,79339.49,10345.16,3012.31,6075.65,14239800.0,5950.26,50357.69,33743790.0,9663.7,1908440.68,52225.55,13023.34,1666.84
2011-10-31,1722.0,1234.59,134272.93,1066.85,1710.38,1499.52,83852.78,10943.14,3035.71,6458.19,15244005.0,6324.9,52951.5,36176637.0,10277.76,1908320.32,52105.98,13597.77,1623.07
2011-11-30,1746.0,1297.03,135541.96,1110.12,1775.24,1589.12,91149.91,11137.56,3185.58,6548.2,15906060.0,6413.06,54422.82,36675603.0,10484.38,1995154.12,53627.16,14140.42,1699.6
2011-12-30,1531.0,1179.37,117795.12,985.14,1558.94,1431.64,81303.75,9636.11,2891.45,5741.56,13882342.5,5623.44,48303.03,32202288.5,9233.08,1763712.0,49180.29,12360.37,1493.37
2012-01-31,1744.0,1332.26,132980.0,1105.16,1748.97,1603.78,86232.07,11002.02,3089.76,6540.44,15678560.0,6405.71,53933.18,36655392.0,10513.7,1959122.15,52784.31,13601.72,1641.03
2012-02-29,1770.0,1323.17,143263.78,1108.02,1743.36,1594.5,86747.69,11139.67,3090.33,6638.3,15965400.0,6501.21,53569.05,36877950.0,10674.43,1980142.99,51710.54,13186.85,1638.21
2012-03-30,1662.5,1248.4,136815.43,1040.53,1661.59,1502.65,84696.05,10470.42,2964.07,6235.12,15201900.0,6106.36,51288.11,34663125.0,10041.5,1883695.3,48953.14,12758.94,1604.81
2012-04-30,1651.25,1247.59,131844.03,1016.87,1631.35,1498.76,87020.87,10419.72,2904.47,6192.68,15175813.13,6065.04,50775.94,34453331.25,9982.22,1866118.91,48493.07,12797.43,1586.14
2012-05-31,1558.0,1260.06,122170.56,1012.25,1613.78,1513.99,87493.36,9922.9,2903.57,5842.97,14645200.0,5722.53,49567.75,32515460.0,9410.32,1838829.5,52156.77,13338.5,1606.27
2012-06-29,1598.5,1259.6,127544.3,1019.16,1629.59,1512.98,89252.23,10157.03,2891.21,5995.09,15013911.25,5871.29,50768.35,33416642.5,9684.51,1830841.74,51850.22,13073.33,1559.44
2012-07-31,1622.0,1317.04,126678.19,1035.23,1625.73,1582.18,90207.51,10320.3,2905.24,6083.23,15352230.0,5957.61,51044.32,33851140.0,9853.24,1833873.75,52191.89,13324.89,1541.31
2012-08-31,1648.5,1307.81,129077.53,1037.87,1626.82,1570.36,91697.81,10465.34,2997.05,6182.29,15718447.5,6054.94,51655.73,34354740.0,10060.38,1870429.31,53285.69,13894.38,1595.14
2012-09-28,1776.0,1380.49,138172.78,1099.83,1747.5,1669.08,93675.11,11161.98,3188.99,6660.18,16996320.0,6523.25,54665.28,37091760.0,10827.83,1973890.45,55413.42,14654.04,1707.86
2012-10-31,1719.0,1326.59,137399.66,1067.01,1718.14,1600.73,92473.6,10721.75,3084.74,6446.59,16510995.0,6313.89,52687.34,35841150.0,10507.39,1874741.15,53901.81,14953.92,1657.75
2012-11-30,1726.0,1327.08,142343.2,1076.97,1714.52,1598.97,93885.75,10747.28,3082.55,6472.67,16558381.0,6339.6,52970.92,35987100.0,10547.58,1868998.85,53357.12,15330.16,1654.45
2012-12-31,1657.5,1257.21,143315.73,1019.69,1650.37,1517.19,90814.41,10326.72,2958.14,6216.37,15974156.25,6088.08,50702.92,34542300.0,10548.91,1774477.98,50633.29,14062.89,1596.51
2013-01-31,1664.75,1226.43,151925.08,1050.02,1662.84,1515.75,88548.03,10352.75,2928.46,6243.14,16214665.0,6114.63,49642.83,34693390.0,11179.13,1812787.57,49967.88,14871.46,1596.04
2013-02-28,1588.5,1215.05,146555.0,1046.48,1633.06,1482.39,86422.34,9882.53,2857.16,5957.19,15350469.75,5834.56,47257.88,33287017.5,10707.05,1720067.44,48612.3,14253.13,1551.65
2013-03-29,1598.25,1244.65,150267.45,1052.55,1623.74,1513.46,86864.87,9932.0,2892.03,5993.68,15530994.38,5870.37,46804.73,33471350.63,10872.97,1778212.72,49680.64,14663.06,1533.02
2013-04-30,1469.0,1114.23,143095.27,943.85,1477.59,1364.63,79142.38,9056.38,2634.58,5509.12,14282352.5,5396.08,43115.14,30746170.0,10186.41,1617809.41,45483.9,13195.15,1415.15
2013-05-31,1394.5,1076.0,140809.62,919.79,1441.28,1338.16,78768.31,8554.56,2616.36,5229.65,13659127.5,5121.93,42218.48,29302628.5,9738.84,1575366.58,44535.1,14028.32,1454.5
2013-06-28,1192.0,917.03,118407.31,785.92,1257.5,1127.81,70834.59,7316.02,2299.9,4470.24,11830600.0,4378.22,36969.88,25276360.0,8367.06,1361323.37,39130.96,11833.22,1302.23
2013-07-31,1314.5,989.95,129287.64,867.06,1351.37,1221.37,79928.16,8056.44,2553.35,4929.9,13509773.75,4828.16,41143.83,27834537.5,9201.37,1476741.91,43427.66,13025.71,1464.71
2013-08-30,1394.75,1057.75,136845.88,901.64,1471.32,1300.46,92151.12,8535.17,2842.85,5231.08,15230670.0,5122.99,44896.98,29505936.25,9743.23,1548241.97,46449.35,14283.63,1565.99
2013-09-30,1326.5,979.94,130162.81,819.13,1363.51,1199.49,83045.53,8120.83,2683.31,4974.71,15360870.0,4872.17,41492.92,28005731.25,9141.64,1425556.13,42963.33,13349.56,1418.64
2013-10-31,1324.0,973.89,129897.62,824.1,1380.73,1198.95,81366.4,8069.12,2637.74,4965.53,14924790.0,4863.05,41209.5,27936400.0,9120.11,1404433.0,42488.67,13247.28,1398.17
2013-11-29,1253.0,920.28,128263.33,764.93,1326.55,1132.27,78299.96,7634.78,2529.62,4699.19,14989012.5,4602.27,40233.81,26463360.0,8625.28,1326049.66,41449.41,12738.69,1371.12
2013-12-31,1204.5,874.12,126598.97,727.25,1279.78,1071.22,74504.34,7291.92,2587.87,4517.42,14658765.0,4424.13,39579.85,25408927.5,8369.53,1271168.9,39579.85,12615.63,1346.34
2014-01-31,1251.0,927.66,127583.22,761.2,1394.8,1132.97,78381.4,7581.06,2828.39,4691.69,15274710.0,4594.92,41295.5,26346060.0,8709.02,1339007.67,44048.33,13972.11,1433.81
2014-02-28,1326.5,960.43,135389.21,791.54,1468.37,1168.38,82216.46,8151.34,2925.46,4974.84,15399338.5,4872.23,43277.06,27989150.0,9233.3,1416038.75,47668.77,14248.93,1482.37
2014-03-31,1291.75,937.24,133030.85,774.83,1425.77,1141.07,77146.52,8032.1,2763.31,4844.51,14674280.0,4744.6,41904.35,27252695.63,9000.2,1375003.22,45390.02,13586.5,1393.7
2014-04-30,1288.5,929.28,131620.27,763.08,1414.06,1134.46,77715.86,8065.11,2728.27,4832.45,14896992.75,4732.6,41695.84,27164801.25,9029.23,1331406.8,45919.23,13569.39,1390.64
2014-05-30,1250.5,916.42,127232.12,745.52,1357.86,1117.88,73892.04,7812.25,2618.8,4690.06,14599587.5,4593.02,41053.9,26457453.75,8941.51,1275760.04,43587.11,13234.98,1343.61
2014-06-30,1315.0,960.45,133216.07,769.07,1400.67,1166.14,79090.66,8159.57,2788.19,4931.91,15589325.0,4829.73,42678.31,28048950.0,9402.31,1330516.74,44778.9,13989.96,1393.23
2014-07-31,1285.25,960.58,132168.67,761.27,1399.19,1168.68,77786.53,7936.03,2757.05,4820.26,14879981.88,4720.79,41269.36,27289070.63,9189.6,1321044.02,45866.26,13773.38,1382.44
2014-08-29,1285.75,976.12,133570.13,774.2,1394.72,1177.55,78019.3,7898.62,2774.58,4822.14,15040060.63,4722.62,41066.84,27251471.25,9193.18,1303686.15,47690.7,13674.47,1374.69
2014-09-30,1216.5,962.99,133443.96,750.39,1359.5,1162.37,75131.03,7468.7,2774.59,4563.7,14823052.5,4468.14,39445.0,25823253.75,8698.03,1283711.63,48118.65,13744.32,1390.21
2014-10-31,1164.25,929.24,130518.24,727.72,1312.63,1120.53,71484.94,7117.64,2584.87,4367.97,14069961.25,4276.29,37919.61,24775240.0,8324.44,1244268.88,50038.59,12861.47,1324.52
2014-11-28,1182.75,948.74,140374.68,755.24,1348.63,1139.58,73395.54,7268.0,2622.27,4438.92,14434281.0,4344.3,38835.59,25307893.13,8456.72,1310427.81,58513.59,13065.25,1385.76
2014-12-31,1206.0,996.65,144593.36,773.45,1396.85,1198.34,76125.73,7482.02,2819.33,4525.45,14936310.0,4429.64,39677.39,25793325.0,8622.96,1325574.78,72360.0,13951.91,1473.7
2015-01-30,1260.25,1116.8,148035.26,839.1,1597.93,1159.49,78053.58,7877.82,3073.94,4738.85,15964216.88,4628.96,41247.98,26861598.63,9565.36,1378209.22,88627.08,14657.97,1618.3
2015-02-27,1214.0,1082.33,145127.63,785.56,1515.86,1150.87,75031.26,7611.29,3053.21,4552.8,15690950.0,4458.72,39248.6,25915865.0,9262.88,1332425.46,75042.49,14146.74,1550.94
2015-03-31,1187.0,1105.21,142350.96,799.6,1503.33,1152.93,74283.93,7358.92,3082.04,4452.56,15520025.0,4359.73,38624.97,25585785.0,9056.87,1316917.09,68997.04,14381.99,1553.77
2015-04-30,1180.25,1053.28,141240.52,768.02,1429.58,1105.78,74963.58,7320.85,3157.35,4426.05,15298990.63,4335.0,38906.94,25481597.5,9005.37,1265228.0,60888.68,14111.24,1496.36
2015-05-29,1191.4,1086.7,147846.75,780.76,1487.16,1123.91,76090.23,7384.89,3171.51,4468.17,15755072.31,4376.07,40078.69,25990388.87,9090.44,1320368.94,62664.53,14496.66,1556.47
2015-06-30,1171.0,1050.98,143289.4,744.58,1461.93,1094.36,74569.27,7261.37,3137.11,4391.25,15612357.5,4301.02,39551.11,25572883.5,8934.79,1306191.89,65242.14,14213.3,1523.55
2015-07-31,1098.4,994.16,136086.24,703.88,1428.96,1055.67,70427.42,6820.73,3034.55,4119.27,14858604.68,4034.2,38713.1,23964889.07,8600.53,1285292.54,67029.46,13858.51,1495.74
2015-08-31,1135.0,1012.94,137544.97,737.97,1510.12,1097.6,75449.11,7237.1,3303.98,4256.87,15946750.0,4168.91,40684.06,25516502.5,8887.11,1342421.25,75727.18,15054.92,1600.96
2015-09-30,1114.0,997.99,133418.21,735.44,1493.54,1088.49,73122.96,7081.81,3372.91,4177.78,16320100.0,4091.55,40432.63,25039935.0,8722.68,1320423.98,73084.97,15403.28,1586.33
2015-10-30,1142.35,1034.13,137853.05,739.67,1494.59,1126.07,74646.84,7216.79,3326.06,4284.38,15635913.62,4195.74,40630.52,25514955.15,9173.13,1302335.73,72933.61,15772.02,1601.16
2015-11-30,1061.9,1005.44,130911.02,705.44,1414.08,1091.58,70780.94,6794.14,3086.41,3985.84,14691385.15,3900.41,38058.49,23892747.8,8314.73,1229732.98,70135.82,15312.6,1465.5
2015-12-31,1060.0,975.79,127512.7,719.18,1472.45,1061.06,70125.63,6883.22,3093.98,3979.13,14612100.0,3893.38,38144.08,23834100.0,8299.85,1242902.79,77417.09,16425.23,1456.94
2016-01-29,1111.8,1027.49,134600.03,783.79,1564.58,1139.21,75466.18,7314.31,3290.65,4170.92,15315042.31,4083.7,39727.38,24715309.66,8705.45,1332936.68,83608.73,17677.62,1571.78
2016-02-29,1234.9,1136.53,139389.33,886.12,1672.8,1229.96,84498.01,8085.01,3648.88,4631.49,16513081.49,4535.85,43999.47,27538267.82,9669.33,1527200.65,92670.76,19492.77,1728.95
2016-03-31,1237.0,1085.52,139032.6,860.64,1600.0,1184.61,81917.22,8000.42,3483.02,4639.55,16402620.0,4543.5,43517.65,27576441.0,10984.5,1414633.02,82705.8,18193.8,1608.06
2016-04-29,1285.65,1122.5,137558.11,877.64,1610.4,1232.3,85277.14,8336.8,3592.49,4821.57,16955150.91,4722.13,44907.74,28657136.32,11416.51,1464869.37,83159.04,18231.48,1684.66
2016-05-31,1212.1,1088.79,134427.93,832.77,1585.55,1205.07,81556.12,7981.68,3577.69,4545.56,16557284.0,4451.92,43302.26,27138915.72,10763.39,1444580.37,80091.01,19063.91,1673.13
2016-06-30,1320.75,1188.85,135495.74,987.99,1715.26,1286.67,89144.01,8774.53,3798.01,4953.87,17450409.38,4851.25,46411.15,29458008.0,11728.19,1521305.69,84366.19,19342.38,1773.77
2016-07-29,1342.0,1200.09,137534.85,1010.77,1750.03,1296.98,89893.85,8931.01,4012.78,5032.9,17578187.0,4929.3,46741.84,29925258.0,11916.89,1503241.17,88845.41,18604.15,1765.67
2016-08-31,1309.25,1175.53,135422.27,999.66,1717.8,1286.4,87680.45,8743.56,3874.2,4910.15,17367201.25,4809.01,45320.34,29202821.25,11626.07,1459813.75,85549.67,19264.5,1742.07
2016-09-30,1322.5,1176.81,133922.96,1018.09,1738.1,1282.03,88052.03,8821.07,3968.43,4961.69,17259947.5,4857.54,45824.62,29497701.25,11743.73,1456535.18,83345.59,18186.03,1728.19
2016-10-31,1272.0,1160.37,133668.11,1041.85,1704.8,1257.88,84952.43,8612.46,3938.81,4770.64,16597056.0,4672.18,44516.82,28394856.0,11295.3,1455486.0,80504.11,17149.74,1671.59
2016-11-30,1178.1,1110.58,134238.58,942.93,1584.07,1200.07,80639.69,8113.57,4039.47,4418.99,15966198.26,4326.98,42034.0,26695742.68,20940.72,1377257.4,76075.79,16524.32,1594.5
2016-12-30,1145.9,1086.42,133652.03,927.37,1536.71,1164.64,77772.22,7963.43,4030.82,4299.19,15438136.43,4208.77,41035.23,26093286.68,20775.15,1384017.68,69950.02,15670.18,1582.52
2017-01-31,1212.8,1122.24,136530.93,963.99,1581.19,1196.55,82282.39,8341.64,4578.74,4548.18,16193909.39,4454.49,42702.67,27400179.59,22982.55,1409394.48,72893.09,16348.54,1597.58
2017-02-28,1255.6,1181.63,140482.78,1009.0,1662.98,1257.42,83772.05,8624.46,4554.81,4708.69,16744679.65,4611.19,43827.32,28582475.07,19838.48,1419769.53,73372.55,16423.25,1633.09
2017-03-31,1244.85,1163.9,138713.61,995.52,1660.19,1246.03,80834.32,8579.26,4533.31,4668.5,16588246.72,4572.33,42776.14,28326558.42,22469.52,1392115.35,70137.19,16691.88,1631.84
2017-04-28,1266.45,1163.0,141171.16,978.9,1731.62,1260.69,81470.71,8735.21,4500.65,4749.5,16880511.4,4651.67,43806.5,28803504.46,22859.41,1441093.28,72178.97,16949.85,1693.45
2017-05-31,1266.2,1126.01,140022.71,980.83,1710.26,1225.11,81695.21,8636.75,4477.92,4748.76,16865783.35,4650.75,43126.77,28761731.89,22918.21,1417637.28,71872.67,16696.43,1700.85
2017-06-30,1242.25,1089.17,139579.19,956.35,1613.31,1189.64,80295.93,8421.83,4375.89,4658.75,16556086.88,4562.72,42199.22,28237584.75,22509.56,1421320.22,73626.59,16276.58,1619.52
2017-07-31,1267.55,1075.11,140057.91,961.47,1585.13,1223.0,81314.9,8529.22,4466.4,4753.44,16888833.6,4655.65,42179.61,28806970.64,22708.15,1418451.36,76257.37,16723.73,1587.71
2017-08-31,1311.75,1103.33,144371.2,1018.01,1644.61,1260.59,83855.24,8653.48,4528.88,4919.32,17501368.5,4818.19,43556.64,29818045.13,23165.49,1479129.11,76179.88,17049.47,1653.85
2017-09-29,1283.1,1085.35,144432.12,956.36,1604.71,1241.53,83812.07,8523.37,4562.83,4811.75,17282071.93,4712.38,42791.37,29160368.82,22646.7,1469598.23,73852.01,17325.06,1635.25
2017-10-31,1270.15,1090.3,144327.12,956.47,1637.35,1266.09,82269.18,8417.79,4822.19,4763.38,17226408.05,4664.82,42194.36,28848279.66,22401.32,1423012.26,74107.71,17961.51,1656.54
2017-11-30,1280.2,1073.68,143260.77,945.74,1649.28,1257.09,82547.29,8463.02,5000.52,4801.0,17315984.54,4702.17,41811.32,29085502.79,22637.13,1393177.6,74781.27,17465.13,1686.36
2017-12-29,1291.0,1075.12,145431.14,954.35,1617.56,1258.08,82401.3,8406.99,4894.95,4841.64,17515642.5,4741.58,42073.69,29317319.0,22953.98,1382079.8,74324.48,15982.58,1650.58
2018-01-31,1345.05,1079.71,146818.91,945.85,1650.17,1250.36,85550.2,8461.98,5045.82,5043.94,18008199.31,4940.5,42126.95,30545072.28,23753.56,1436311.24,75680.89,15970.78,1661.07
2018-02-28,1317.85,1080.52,140621.15,956.45,1688.63,1245.43,85852.96,8344.62,5016.33,4942.33,18118458.71,4840.4,41367.31,29990309.12,23273.21,1427099.48,74191.63,15555.57,1691.18
2018-03-30,1323.85,1076.43,140791.42,943.72,1706.77,1267.72,86343.73,8329.27,5244.3,4964.44,18226102.86,4862.5,41396.77,30196353.23,23339.46,1411091.43,76121.37,15685.96,1725.9
2018-04-30,1313.2,1086.91,143696.89,953.43,1683.46,1299.94,87642.95,8332.12,5338.49,4924.83,18269894.32,4823.58,41444.59,29893027.09,23163.2,1402562.95,82699.62,16393.66,1739.68
2018-05-31,1305.35,1118.26,141819.72,980.99,1693.3,1283.29,88088.27,8355.54,5922.96,4895.58,18137836.21,4794.74,41758.13,29769808.76,23359.22,1407101.81,81359.19,16532.26,1725.17
2018-06-29,1250.45,1071.0,138506.09,947.13,1644.9,1241.63,85674.58,8284.61,5728.56,4689.62,17918947.8,4593.09,41427.39,28708455.2,22370.55,1393626.47,78406.34,17138.98,1692.43
2018-07-31,1220.95,1043.5,136673.12,930.78,1589.68,1208.74,83740.37,8334.81,5993.64,4579.05,17606098.3,4484.73,40620.99,28427377.71,21836.68,1365815.54,76184.21,15992.92,1642.39
2018-08-31,1202.45,1033.48,133333.66,925.14,1567.93,1162.89,85285.25,8212.25,7962.92,4509.79,17712087.78,4416.78,39356.18,28021893.66,21439.67,1338507.05,80989.51,17617.39,1662.68
2018-09-28,1187.25,1022.17,134853.78,910.43,1534.64,1159.71,86063.74,8168.99,7132.17,4452.48,17691805.88,4360.83,38395.66,27695574.38,21275.52,1316957.06,77758.99,16801.07,1640.87
2018-10-31,1214.95,1072.28,137113.17,950.85,1595.53,1222.12,89839.46,8473.18,6807.73,4557.46,18470276.63,4462.63,40275.58,28363614.09,21790.12,1384495.98,79870.8,17940.25,1714.22
2018-11-30,1217.55,1075.34,138252.77,954.27,1618.25,1216.76,84857.12,8454.42,6391.34,4567.94,17414006.08,4472.24,40042.17,28390217.57,21806.3,1364812.39,81518.0,16882.85,1667.31
2018-12-31,1279.0,1118.84,140325.48,1004.24,1746.86,1260.84,89293.37,8781.23,6804.15,4797.91,18392020.0,4697.96,41644.24,29666405.0,22919.68,1427107.95,88727.42,18398.41,1816.76
2019-01-31,1323.25,1153.21,144009.28,1005.93,1737.82,1312.8,94109.53,8873.05,6849.01,4962.91,18489110.63,4860.3,41341.63,30698076.75,23408.28,1472313.98,86644.81,17559.53,1814.78
2019-02-28,1319.15,1158.47,146847.76,991.77,1737.32,1314.14,93826.17,8820.1,7036.35,4947.27,18557141.25,4845.24,41569.71,30604277.73,23111.49,1483647.83,86927.02,18547.25,1854.17
2019-03-29,1295.4,1153.67,143381.34,994.13,1730.59,1290.09,89738.82,8705.35,7318.49,4858.2,18446494.61,4758.13,41109.5,30058459.33,22449.26,1470408.24,85104.53,18681.29,1823.61
2019-04-30,1282.3,1144.2,142816.14,983.62,1724.95,1306.66,89188.75,8638.6,7654.69,4809.01,18272772.22,4710.08,40937.41,29861556.7,22055.55,1497918.39,82807.71,18383.37,1821.84
2019-05-31,1295.55,1162.61,140664.32,1027.89,1751.45,1303.13,90288.47,8943.18,7560.37,4858.77,18490734.59,4758.68,41000.9,30336594.23,21687.49,1542870.14,84393.71,18859.97,1869.88
2019-06-28,1409.0,1237.27,151805.65,1107.1,1841.21,1373.77,97259.74,9677.43,8149.66,5284.1,19905647.5,5175.47,43210.5,32836745.0,23523.24,1626901.71,88872.67,19868.66,2007.84
2019-07-31,1427.55,1282.15,154996.22,1165.87,1874.59,1413.27,98194.0,9829.39,7939.67,5354.1,20009965.61,5243.6,43904.28,33165550.84,23654.49,1688933.97,90545.9,20233.73,2071.16
2019-08-30,1528.4,1387.88,162231.99,1255.0,2030.94,1512.28,109139.19,10920.88,8904.84,5732.57,21680352.61,5614.04,46727.0,35437480.14,25295.0,1851274.38,101808.61,23206.84,2268.5
2019-09-30,1485.3,1362.41,160523.77,1205.31,1966.54,1481.07,105261.4,10602.66,8386.74,5571.66,21083830.73,5455.73,45427.88,34460440.77,24160.24,1776641.22,96369.95,22520.86,2202.24
2019-10-31,1510.95,1354.32,163341.24,1167.66,1985.92,1490.93,107169.78,10630.14,8631.38,5666.51,21209204.46,5549.42,45623.12,35058571.72,24386.73,1757914.65,96808.44,22760.19,2193.12
2019-11-29,1460.15,1324.28,159901.01,1128.84,1939.44,1459.2,104747.49,10259.74,8386.37,5475.56,20595414.37,5363.35,44122.08,33846274.74,23537.61,1724655.92,93843.82,21395.58,2158.71
2019-12-31,1514.75,1349.44,164615.44,1143.42,1964.25,1466.81,108120.04,10551.29,9014.28,5682.28,21028516.88,5563.9,45372.42,35100544.38,24311.72,1751732.56,94083.0,21181.51,2154.85
2020-01-31,1584.2,1429.53,171703.5,1201.79,2095.18,1527.88,113044.55,10978.51,9481.44,5943.92,21632250.33,5818.77,49379.51,36789875.47,25030.36,1888128.87,101248.28,23762.21,2366.42
2020-02-28,1609.85,1465.57,173646.49,1260.35,2160.98,1558.25,116178.85,11252.85,10060.36,6039.35,23097324.28,5912.82,50798.81,37414526.12,25165.98,1955162.94,108181.92,25325.36,2496.86
2020-03-31,1608.95,1466.35,173694.19,1297.59,2290.1,1556.74,121719.07,11412.44,10603.38,6044.82,26241973.7,5909.91,52801.72,37998571.0,25324.87,1958655.38,125713.28,28735.85,2628.79
2020-04-30,1702.75,1554.6,182083.57,1349.94,2365.04,1643.41,127868.01,12007.96,11901.37,6393.83,25328406.25,6254.37,55092.47,39893729.75,26818.31,2074715.65,125916.23,31271.01,2600.81
2020-05-29,1728.7,1554.1,186241.49,1398.28,2389.41,1660.76,130717.82,12352.6,11792.33,6495.59,25256306.29,6349.77,54989.94,40246727.91,27417.18,2140908.37,122117.53,30476.12,2604.25
2020-06-30,1768.1,1574.23,190751.47,1430.96,2408.15,1675.36,133498.19,12507.72,12119.88,6632.14,25257309.9,6494.5,54647.56,41030530.87,28537.13,2126759.38,125984.9,30720.74,2568.05
2020-07-31,1964.9,1661.65,207748.86,1497.07,2631.98,1787.47,146999.07,13714.02,13714.02,7369.16,28687538.57,7217.37,61270.48,45539502.59,31379.45,2340981.55,145820.12,33459.78,2739.87
2020-08-31,1957.35,1636.65,207567.19,1461.85,2550.33,1762.5,144075.64,13417.24,14404.14,7340.94,28503910.8,7189.64,60917.62,45361588.51,31024.0,2325135.99,144982.19,33159.96,2646.68
2020-09-30,1886.9,1609.09,199124.54,1459.55,2520.43,1733.59,139215.47,12850.92,14536.96,7077.57,28077070.55,6930.87,59791.14,43742113.54,29737.54,2206729.44,146425.8,31473.48,2632.58
2020-10-30,1881.85,1615.53,196728.6,1455.41,2509.17,1724.81,139459.2,12608.77,15775.55,7057.5,27522057.68,6912.32,58652.55,43625989.89,29545.05,2135335.21,149583.57,30577.71,2679.74
2020-11-30,1762.55,1473.46,183789.9,1320.21,2284.09,1595.64,130527.84,11601.46,13787.11,6610.62,24887206.69,6474.11,53317.14,40789814.51,27654.41,1950349.84,134826.26,27277.66,2392.01
2020-12-31,1887.6,1542.72,194885.26,1380.88,2404.8,1668.54,137922.23,12344.53,14029.59,7081.52,26520781.37,6933.44,56552.51,43570529.25,29691.95,2050500.08,139615.21,27726.49,2446.19
2021-01-29,1863.8,1534.12,195130.55,1357.27,2380.91,1658.04,135982.85,12041.64,13602.94,6990.65,26149114.69,6846.02,55783.54,42958727.33,29280.3,2084846.74,140624.93,28054.85,2429.2
2021-02-26,1742.85,1435.86,185683.25,1246.58,2206.45,1577.8,128073.34,11258.81,12928.46,6536.56,24818185.39,6401.75,52520.79,40114309.27,27362.75,1958092.09,129907.69,26397.64,2251.16
2021-03-31,1691.05,1438.82,186861.03,1225.67,2125.4,1591.53,123639.01,11084.83,13995.55,6342.11,24562501.96,6211.48,52845.31,39020979.88,26579.08,1913845.89,127705.99,24970.47,2220.25
2021-04-30,1767.65,1468.39,193212.97,1276.7,2174.56,1612.19,130934.25,11439.35,14657.35,6628.86,25533702.84,6492.84,55040.2,40753168.5,27681.4,1966245.37,132708.53,25644.18,2288.37
2021-05-31,1899.95,1553.96,207845.02,1336.58,2295.33,1708.72,137979.12,12084.82,16105.4,7125.38,27131285.3,6978.33,59344.94,43786246.57,29772.22,2110939.39,139376.81,26067.31,2454.56
2021-06-30,1763.15,1486.76,195692.01,1276.3,2183.31,1629.77,131054.93,11392.5,15317.36,6612.52,25565673.58,6476.31,56508.95,40580658.15,27672.64,1985571.26,128804.71,25175.58,2348.52
2021-07-30,1825.75,1539.68,200376.06,1313.16,2279.18,1654.68,135863.19,11787.59,15376.47,6847.29,26404909.38,6706.25,60007.84,41910091.25,28673.4,2100068.94,133550.23,26708.44,2483.84
2021-08-31,1814.85,1537.42,199379.43,1318.69,2293.34,1662.49,132497.67,11729.74,15089.57,6806.96,25884299.52,6666.22,58497.16,41346822.35,28493.15,2104227.95,132928.7,26251.81,2483.2
2021-09-30,1742.8,1503.78,194452.92,1292.54,2207.87,1625.77,129363.69,11262.24,15483.47,6536.72,24943825.7,6401.57,58967.64,39666129.11,27396.82,2063475.26,126849.7,26220.43,2412.68
2021-10-29,1769.15,1528.75,201727.32,1290.64,2192.95,1616.56,132476.16,11321.32,17010.64,6635.9,25064431.24,6498.35,58704.82,40250814.0,27793.34,2067340.12,125541.09,26891.08,2355.41
2021-11-30,1804.4,1603.06,204880.59,1363.87,2314.68,1669.79,135605.16,11496.1,23958.37,6769.39,25843517.6,6627.74,60803.77,40948149.18,28418.4,2143446.64,134213.52,28913.25,2544.81
2021-12-31,1805.85,1587.98,207952.67,1333.27,2281.06,1645.4,134239.04,11509.31,23981.24,6779.88,25737878.52,6632.98,60324.42,41155323.73,28369.91,2146704.3,135450.04,28821.37,2483.8
2022-01-31,1795.25,1601.47,206857.68,1338.09,2283.2,1671.47,133966.04,11427.39,24084.18,6735.6,25819285.5,6594.04,59772.85,40662412.5,28203.38,2164173.88,138983.77,27772.52,2548.08
2022-02-28,1909.85,1700.37,219966.99,1423.4,2422.36,1752.19,143902.43,12053.16,26469.85,7165.18,27438816.35,7014.97,62404.35,43563680.73,30003.75,2296308.27,204712.06,29511.96,2631.92
